2022-06-13 15:42:51,信与玫瑰皆予你,四季花常在，九州事尽知。,allstar50,力荐
2022-06-13 15:37:39,小焱龙,啧,allstar40,推荐
2022-06-13 13:15:00,J-nine,补一下评分,allstar30,还行
2022-06-13 12:55:15,檀香梦,P大文改编的剧怎么后续都有点颓靡拉胯，安利了好几个人一起实时追剧都中后期就看不下去了，服化道和美感行，能理解龚俊的长相很符合b站审美，周也马闻远狠狠赚了我的眼泪，明明早就知道结局了看了还是很难受，演技还有点稚嫩，对这部剧倒是够用了。（未来《七爷》能拍吗我真的好喜欢异族苗疆蛊毒系…剧里cp感还行但人我真的不行😭）,allstar10,很差
2022-06-13 08:41:19,啾咪,看了10集实在忍不下去了，8.6分豆瓣完全不配，演技不咋，封杀的比没封杀的好点点，也没降维，硬塞糖（双人对望镜头磨皮开的人脸都要看不清了都闪光），还轰炸营销。,allstar30,还行
2022-06-13 06:02:31,千山,怪不得有人说山河令是一部披着耽美皮的武侠剧。,allstar30,还行
2022-06-12 23:26:25,平安喜乐,你的成绩一定要惊艳这个夏天。考前一周回归课本和回看数次模拟题。课本是根、是本。模拟题是宝贵的财富。比如：文综试卷，只计算选择题的话，一套卷子有35道题，22套模拟卷，则有770道题。如果每个选择题的题肢里面蕴含4个知识点，想想就心动，心动不如行动。世界上最远的距离是知道和做到，考前一个月要把一半的时间分配给文综，文综提分是真快。你凭什么不努力，又什么都想要。,allstar20,较差
2022-06-12 22:45:53,想要变成一朵花,前面诈骗营销，啥“编剧十年书粉”“双向奔赴”“互相救赎”……于是只看腐剧的慕名跑来看这部耽改，等待每天一集时反复重温之前的剧集，随着情节发展慢慢发现好像不是那么回事啊……营销风向也开始变了。期待着一直追到大结局，发现，这是什么啊？？？？？强行释然安慰自己。却也从此戒耽改，耽美文也好久看不下去了……。真心觉得，喜欢就是喜欢，强行兄弟情，改变原著人物的思想与内心，那还是原著人物吗？还是喜欢吗……你要不营销那些词也行，弄得现在看到小说标签“双向奔赴”“互相救赎”就会反射性退避三尺。（一星给前面被骗进来杀的跟自己一样的人，一星给心中被破碎前的美好向往）,allstar10,很差
2022-06-12 21:54:09,所谓怀念萌抖森,……不想说啥了……,allstar50,力荐
2022-06-12 16:23:36,雾扰,山河不足重 重在遇知己,allstar30,还行
2022-06-12 04:09:52,三七,前期互动真的搞笑,allstar40,推荐
2022-06-11 21:59:11,knight,很喜欢的21年开年作品呢，虽然后来，，，,allstar50,力荐
2022-06-11 15:03:53,一婉,真的太好看了……,allstar40,推荐
2022-06-11 09:46:51,襄尔,给美貌的温客行。至于“同志情”太油腻了点，不见唯美。哥哥后，再无。,allstar30,还行
2022-06-11 00:08:35,吴钩子,结局故意恶心人，悲剧得毫无意义，前半段好看的，后半段又丑又长，不过阿絮真的好帅，前半段温客行的人设也好喜,allstar40,推荐
2022-06-10 22:08:48,远夏,我仍想念温客行,allstar30,还行
2022-06-10 20:07:55,宇宙访客,🎯,allstar50,力荐
2022-06-10 01:33:30,漩涡1212,同类型顶尖，值得五星，无论是龚俊张哲瀚，还是一众配角都演的不错，角色也有亮点，就是有点疑问，陈紫函的喜丧鬼也太弱了吧。,allstar40,推荐
2022-06-10 01:19:04,开开心心,虽然殉了，但是我好喜欢这种带着江湖气的电视剧啊！,allstar50,力荐
2022-06-09 22:13:53,月牙牙牙儿,瀚奸扣一分,allstar40,推荐
2022-06-09 22:07:11,尘流卍冰寂,"天涯孤鸿，无根行客。
执子之手，坐看云舒。",allstar50,力荐
2022-06-09 18:41:06,団長ちゃん,说不上来不好看但也看不下去。还没看完，人就凉了，应该是看到18集左右。,allstar30,还行
2022-06-09 18:31:06,覃,奔著來奔著走。,allstar10,很差
2022-06-09 16:38:51,一如往昔,上头,allstar50,力荐
2022-06-09 12:29:15,欢颜,这部剧当时看的时候我觉得很新颖，很难得的是，他开头就非常精彩，让我不断有想看下去的欲望，包括台词啦等等都非常好，不得不说这部剧的编剧真是优秀，电视剧改编的比小说要精彩，要好看。另外，这部剧许多场景都还是挺有武侠风格的，不过后面的进展节奏又点不太对劲，还有许多场景许多细节可以做的更优秀些，还是有许多进步空间的。,allstar40,推荐
2022-06-09 10:21:47,今天阳光正好,？？这还是我认识的那个老龚吗，演技这么流畅？！！这氛围真是完美的烘托出了他的气质。......。豆瓣有六颗星吗？？？能再加一颗吗？？,allstar50,力荐
2022-06-09 10:10:55,拿破仑,每过几集就能封神的程度，ost好听，剧情流畅，演技可，武打动作可，人物塑造可，情感拍的好,allstar50,力荐
2022-06-09 08:59:39,毒舌Q,我觉得改的比原著好，各种隐喻玩的六六的，主要是主角很帅，故事虽然偏向简单，但是人物的感情丰满立体，虽然剧组说穷，但是拍出来的是大片感，演员演技到位，绝绝子！,allstar50,力荐
2022-06-08 18:48:13,月下的行人,温客行，周子舒，赵敬，蝎王，高崇，莫怀阳，这些人物性格刻画得太好了。这哪里是耽改剧，明明是最近十年武侠剧的天花板,allstar50,力荐
2022-06-08 13:53:03,VV,千不该万不该开学第一天入坑,allstar40,推荐
2022-06-08 12:09:17,不信人间有白头,补，不带个人情绪地说，王凯配音配得真够拉胯的，但是这部剧里演员演技还不算太尬，之前看了一些从结婚到恋爱的cut，那剧龚俊演得也太尬了！万万没想到，我从这部剧开始对他真香了！张哲瀚一开始真就是铁血硬汉的感觉，脱了画皮居然真让人看出一副美人骨！！绝了这二位！再说说台词，导演和编剧真的好懂！！“传媳不传婿”这种台词也是我配看的吗！！现在又有些现象级了，希望别被盯上🙏,allstar40,推荐
2022-06-08 10:03:57,看影客,江湖么，走到哪都有是非，朝堂是个名利场，江湖便是个是非场，有人总想不明白这件事，好像仗剑骑马走天涯是件多了不得的事似的，临死都念叨着。岭的台词真的非常美,allstar50,力荐
2022-06-08 07:53:31,BravoHuihui,"
温客行好绝😭😭😭温周太配了！！！！！
我的第一部耽改剧哇！！！
武侠打戏啥的也可以~",allstar40,推荐
2022-06-08 07:22:39,第三话语,😅,allstar10,很差
2022-06-07 23:23:57,里美人,很好,allstar40,推荐
2022-06-07 22:07:12,Zaynah,温客行永远是我的心头好❤️,allstar50,力荐
2022-06-07 20:08:04,Hyunniiii,演技硬伤 剧情不连贯 不懂他们大悲大喜的来源 所以完全不共情 一个美丽木头和一个美丽骚包,allstar30,还行
2022-06-07 19:26:18,云烟成雨,"温客行的演技还需多加磨炼,看了几集弃。",allstar30,还行
2022-06-07 14:35:55,十橘九胖賽大象,龔俊看老婆時候的小狗眼神真是很到位，，，即便老婆灰頭土臉也能從骨相上認出來巴巴跟在後頭想貼貼。,allstar50,力荐
2022-06-07 10:45:54,野孩子,必须五分，故事服装打戏颜值演技，都没得说，对我来说是非常好非常好的电视剧了，太满意了，是我的入坑剧。从开播到现在，连充电屏保都是老温了,allstar50,力荐
2022-06-07 01:46:07,vera,烈女怕缠郎 有志者事竟成👍🏻,allstar50,力荐
2022-06-07 00:35:07,付惜瑰,部分改编令人汗颜，但难掩精彩的故事,allstar40,推荐
2022-06-06 22:36:54,花泽兔,明明温周，却只剩下一个人。,allstar40,推荐
2022-06-06 17:27:43,四目相对皆憨憨,剧情一般，没什么亮点,allstar20,较差
2022-06-06 17:17:13,Sam Lam,就是我看不习惯两个男的美来眼去的。真是受不了，但我又想看8。6分是怎么样的。所以就一直挣扎着看完了。。。就不能一男一女吗。,allstar30,还行
2022-06-06 16:01:57,揽流光,"耽改剧的打分就是宽容啊，当时打高分是希望那年的耽改101卷起来吗，谁占了便宜，实在不值。
还行就是还行，三星就是三星，上山下不来和拉人上山是两码事。",allstar30,还行
2022-06-06 14:06:10,琥珀川,p大的文和改编剧，总是给人一种，质量也不错，但啥也记不住的感觉。像白开水，虽然没什么味道，但是挺健康的,allstar30,还行
2022-06-06 13:35:17,Pumpkin,看完了有一种 大梦一场的感觉 醒来了也不住回味,allstar50,力荐
2022-06-06 10:14:03,IO,可以看,allstar30,还行
2022-06-06 09:30:24,露水馅儿,"看了一年多了，当时上了山就下不来了，被龚俊圈粉。还记得当时的快乐，最爱的情节是晒太阳名场面：
“我就是觉着，活着，给太阳晒着，还有个人的名字给我这么叫着，真的挺好”
——温客行《山河令》
“你来人间一趟，你要看看太阳。
和你的心上人，一起走在街上。”
——海子《夏天的太阳》 ",allstar50,力荐
2022-06-06 06:31:03,Sonia,虽然主角s了 但这个剧还是好看的😮‍💨,allstar50,力荐
2022-06-06 05:40:09,gliedern,攻是工具人的工。既套路也蠢。,allstar10,很差
2022-06-05 23:56:33,豆友178011469,好好看，懂得都懂,allstar10,很差
2022-06-05 21:57:22,老头背心,？？？我打过分啊？？？？,allstar50,力荐
2022-06-05 21:57:20,Azura,开始觉得可以二刷，三刷，四刷，但是越看越不敢看了…不要说演员难出戏，作为旁观者的我们又何尝不是，相信了…共情了…难以走出了…,allstar50,力荐
2022-06-05 17:45:18,深陷月亮,无语😓,allstar10,很差
2022-06-05 17:16:10,月隐时,"山河不足重，重在遇知己！
剧情好，配乐好，打戏好
除了瀚桑",allstar40,推荐
2022-06-05 16:28:49,大贯直子,一个陈情令、一个山河令，我都是看了一半没兴趣看结局，跑去看原著了，我觉得耽改本身就是有些先天不足的意味…让人看着总像吊着一口气似的被膈应,allstar30,还行
2022-06-05 15:11:25,恋曲,一般,allstar30,还行
2022-06-05 14:34:56,加贝快乐,你身上有光 我抓来看看 卧槽！！！ ,allstar50,力荐
2022-06-05 13:53:26,太阳鸟lst,看了第一集 剧情无聊得很 要说是武侠吧感觉比不过侠探简不知 不过据说后面剧情很好看 但是奈何我坚持不到了,allstar20,较差
2022-06-05 13:50:39,微蓝错写,但渡无所苦，我自迎接汝。,allstar50,力荐
2022-06-05 13:36:36,红桃皇后,重点夸夸编剧！演员演技颜值服化道打戏等其他方面都在及格线以上，越看越香～,allstar50,力荐
2022-06-05 10:51:03,取次花丛懒回顾§不想说话,颜控吃这一套，女儿女婿哭瞎。以及后来至今的剧外一地鸡毛真是让人心情复杂。,allstar40,推荐
2022-06-04 20:06:59,夜熬油,好久没看过这么爽的武侠片了，我愿给他100分,allstar50,力荐
2022-06-04 17:40:19,感叹号！,高开低走,allstar30,还行
2022-06-04 15:13:54,饼大仙儿,也许会是我的武侠启蒙。我太喜欢宿命与寻根。私心五颗星了。得君为友，不枉此生。,allstar50,力荐
2022-06-04 00:12:15,不知西东,真好啊，好基友,allstar50,力荐
2022-06-03 06:22:10,DEEPCOLOGNE,我来晚了 佳作！！,allstar50,力荐
2022-06-03 00:16:35,大萌,"剧好看的
（被逼到了地下室…）",allstar40,推荐
2022-06-02 22:44:01,松崎海,耽美最后一波大红利,allstar40,推荐
2022-06-02 21:56:08,管埋员,看了五分钟，感觉好无聊，怎么主角戏份这么少,allstar10,很差
2022-06-02 11:20:44,小車,都抱了，牵了，还求什么，隔壁想抱都没得安排——然后这部就被下架了。周子舒真是最好的师兄，那么温柔那么好，而谷主的眼神，分分钟甜得要命，过于般配了这对。,allstar50,力荐
2022-06-02 10:46:29,温泥,没想到岭已经是武侠文艺复兴了。,allstar40,推荐
2022-06-02 04:20:52,𝙃𝙮𝙖𝙘𝙞𝙣𝙩𝙝🦋,不多说了懂得都懂。,allstar10,很差
2022-06-01 21:59:00,啾,风光大葬，主角be，i mean 现实生活中的，各种意义上，笑的。,allstar10,很差
2022-06-01 17:06:21,嗯呐,"补个分。
好评：1.温客行还不错，一些动图还挺好看。2.不喜欢配音剧，但是这部剧配音真的特别好！3.女儿女婿演的很好，大婚拍的挺好挺虐。
差评：这剧编剧看过原著没？温客行和周子舒人设改了，剧情改了，立意改了。就用个壳子在那，所以就造成我看前边挺像那回事的，然后越往后越崩，全面垮台，整个内核都没了。",allstar20,较差
2022-05-31 19:40:14,神明大人,三星给中间的剧情。前几集和后几集都很拉胯。中间20集还可以。,allstar30,还行
2022-05-31 17:46:41,言灵,"温大美人真的绝了，窗下摇扇垂直入坑，马上点开山河令，虽然第一集谷主没有露全脸，但还是让我坚持到了第二集，真香。怎么能有人这么好看，现在每天首要关心的不是五湖盟处理的怎么样了，而且我们温大美人今天穿什么好看的衣服啊！
另外，温客行你赶紧搞事业吧，最近几集你被教育的太多了，整天委屈巴巴的我都要变成妈粉了，赶紧发疯搞事业！！！",allstar50,力荐
2022-05-31 13:42:31,丫丫,从头追到尾，标记下,allstar40,推荐
2022-05-31 12:02:01,Romantic,最近又看了一遍，可见我对这部剧的热爱。,allstar50,力荐
2022-05-31 11:08:02,火蓝舟云,补。6.5,allstar30,还行
2022-05-30 23:17:28,夏天的风,我永远会记得2021年的春天                                     记得阿絮说，人生不过一日三餐                        这部剧又激起了我对古诗词的向往，以后三刷的时候需要把好的台词记下来了                    周子舒yyds！,allstar50,力荐
2022-05-30 21:44:37,弱水三千任你泼,双男主，特别好看,allstar20,较差
2022-05-30 16:13:19,门口溜达500米,你身上有光，我抓来看看。,allstar40,推荐
2022-05-30 13:52:12,追光者,老温老温。绝了。心疼阿湘最后的结局。,allstar50,力荐
2022-05-30 12:05:21,想象竞合,我是人间客，醒来看日落。温客行是有一些俗世人间走一趟的人间客气质在身上的。导演好会拍，场景动作服饰也很好，女性角色好出彩！,allstar40,推荐
2022-05-30 06:41:00,SingLee625,bg BE那段我真的哭惨咯,allstar40,推荐
2022-05-30 02:06:06,Heartfield,还没看完就下架了，至于为什么没看完呢……大概是因为BGM从刘宇宁换到两个唱歌特别难听的人唱的了吧……,allstar30,还行
2022-05-30 01:20:51,朋也,补 还行吧,allstar50,力荐
2022-05-30 00:10:35,绫墨,21年真心的追过这部电视剧，也变成了龚俊短暂的粉丝，他代言的营养快线还有没出事前的维他柠檬茶都冲着他买过一箱，还有买过两次同款鞋子，但现在也变成路人不怎么关注了。是高三的一部分回忆，都回不去了。,allstar30,还行
2022-05-29 19:29:38,希文,"加分
1看了b站龚俊的温客行剪辑而来的 倒也没让人感到失望 谷主漂亮衣服可真多慕了
2sheer的精神分裂版病娇不美吗！颜值演技眼神通通在线不输攻 杀一个小晋王玩玩可太大佬了
3常欢古装也很美 
4簪子是钥匙挺意外的 be我更是喜欢

减分
1周也 对不起 以前很吃你的颜 但是你的演技太劝退我了 
2架空朝代乱七八糟 晋王造反看不到任何缘由 连个皇帝老儿都看不到
3因为有钱庄和市场 我猜宋 因为提到了节度使我猜唐 因为九州我直接吐血 作者好好回去翻翻史书行不行  这是大忌
4四季花常在九州事尽知 唐都300多州了你才知九州 山庄凋零也是该
5整个只提了晋岳阳和蜀地 最后说我中原武林不行了 我中原武林谢谢您哈 滚犊子
6到底是略微小家子气了一些
",allstar20,较差
2022-05-29 12:16:53,阳光,剧情邋遢   节奏慢,allstar30,还行
2022-05-28 18:59:02,奔向你的铠甲,满满的基情四射,allstar40,推荐
2022-05-28 13:39:50,月明风清,补个分，看完已经一年多了，只能说追剧的时候很快乐。,allstar50,力荐
2022-05-28 13:12:45,Never邵邵邵皮,龚俊演的真好～眼神超有魅力～疯批真🐂🍺,allstar40,推荐
2022-05-28 04:59:58,Morphling,三星半,allstar50,力荐
2022-05-27 10:34:05,豆友PbxsHntbUo,good！！！！！！！！！,allstar10,很差
2022-05-26 23:05:50,七七是甜妹呀,看过小说，后面剧出了攒了好多集才看的，跟小说描写的那种差很多，剧前面没倍速看，看到一半受不了倍速了直到大结局。只有觉得周也在里面还不错，完全没认出是少年的你里那个笑的好恐怖的女孩子。,allstar30,还行
2022-05-26 09:42:04,徐清涓,其实不必执着于耽美，纯粹的高山流水遇知音的故事更为纯粹动人,allstar40,推荐
2022-05-26 01:04:59,Drum Tower,有没有0星啊。,allstar10,很差
2022-05-26 00:41:53,双影,前十集差点弃剧。后来慢慢习惯了油腻的对话，乱飞的表情，绵软的武打，踉跄的威亚，出戏的布景…就还能看下去。,allstar40,推荐
2022-05-25 21:08:46,小行星,最好的阿絮和老温，希望你们在平行世界一直幸福,allstar40,推荐
2022-05-25 18:10:16,多喝水🐳,2021年的第一部剧，快乐值得被记录。,allstar50,力荐
2022-05-25 16:47:59,社会弃子,温客行真的，正面肩宽腿长，侧面轻薄纤细，身形好漂亮。没有人不喜欢温客行，决绝疯狂又清醒执着，让人又心灰又心动，“他从不认为自己是周子舒心里最重要的人”，可以和你死可以为你死，从没想过他自己死了周子舒绝不苟活陪他一起殉了自己。一个说法：最深的爱是被最绝望的人爱。而且特别喜欢他谁在乎覆灭鬼谷的事我鬼谷谷主第一个不在乎。有句台词是他喝醉酒之后说的，我原本想毁掉整个江湖，也想毁了我自己，然后遇见了你。感觉是那种如果周子舒对他说“你这样的人会有很多人喜欢吧？”他就摇着扇子说“也包括你吗？”屁话一堆的花孔雀，下一秒就为你去死的执着与重伤一样的深情。,allstar40,推荐
2022-05-25 16:27:57,APTX4869,底线不可触犯 还我那个夏天！,allstar40,推荐
2022-05-25 15:28:06,张兮兮,的确好，剧本写得最好。,allstar50,力荐
2022-05-25 14:49:23,魑魅魍魉,因为那位出事儿了，所以封面都只有geigei一个人了嘛，啧啧啧啧╮(￣▽￣)╭啥时候下架啊,allstar20,较差
2022-05-25 14:07:45,冬天吃西瓜,"补个分，看到后面灌水一样的剧情推进速度实在受不了了（PS.这剧不值得原速看！）
多的一星给剧情，还算有点看头的。
PPS.那些主角的武器甩一下就自己飞出去杀人的剧真的别再吹什么武侠剧了，而且还要后接一个主角磨皮滤镜拉满的特写/近镜镜头！每次看完你们耍帅我都要找点早年的武侠剧/武打片剪辑洗眼。",allstar20,较差
2022-05-25 09:45:19,哈鲁碳,原著、主演颜值、制作都一般般，但是CP感太重要了！！！！能让我磕到就是好猫！！！！,allstar50,力荐
2022-05-25 04:44:19,豆友jRiBpXkFHA,温克行百看不厌,allstar50,力荐
2022-05-25 02:48:37,万魔图书馆,感觉龚俊和周也的演技有点捉急，龚俊发疯发狠戏份大多都是瞪眼为主，杀莫掌门那里倒是表现的还行。相比之下感觉蝎王演的疯批时刻要好得多。周也本色出演或者说阳光少女时候挺好的，一演哭戏假到出戏啊，不过顾湘死的那一场倒是看进去了,allstar40,推荐
2022-05-24 23:02:34,顾飞飞,剧情没什么吐槽的，中规中矩，比起其他的来说算可以，大概是故事简单的原因。主角就差把“我在麦麸”写在脸上。几对副cp很有看头，多点戏份就好了。,allstar30,还行
2022-05-24 19:47:25,Shark,好早前看的，主要是磕cp,allstar30,还行
2022-05-24 13:43:41,燕燕于飞,真香,allstar50,力荐
2022-05-24 13:22:40,是林间的鹿啊,2021  有感觉的古装剧了,allstar50,力荐
2022-05-24 12:07:27,Capriccio,女儿女婿不错，但主角尤其是周子舒改得实在扣分。另外，这剧怎么在武侠分类里这么高分的= =打戏节奏太差了啊。,allstar30,还行
2022-05-24 11:05:35,gndxygxc,看看帅哥还可以，剧情差点,allstar40,推荐
2022-05-24 08:54:35,Still Water,1.插曲旋律實在太難聽，比不上陳情的OST。2.全劇最為驚艷的是溫客行口中吟誦的詩句，雖然多是家喻戶曉之作並有些矯揉造作之嫌，但還是覺得古典文化有生命力，每個行業都有人以各自的方式去保留或者造作一些傳統，很欣慰，也放棄了一些執念。3.坦誠講溫的某些角度比較好看，總體造型要適應劇情後才覺得好看，因為他的臉比較歐化立體吧。4.儘管已知結局，但看到溫抱著湘說：「我是你哥」，一下子擊中心臟。此外最後溫自願做人體丹爐的過程，傷心來的猝不及防。,allstar40,推荐
2022-05-24 08:31:43,脆脆蚂蚁,2022竟然还能补上这一课，有点小惊喜。,allstar40,推荐
2022-05-24 07:34:20,布伦海姆,每次温客行在那儿色眯眯夸周子舒绝色美人我就起鸡皮疙瘩，无语，真的不用这么赤裸好吗？看到第六集吸伤口我就弃了，太油腻/还是追完了，除了大结局无比拉胯之外，两个主演看着看着也就习惯了，多加一星给bg戏，那段结亲真的绝了,allstar30,还行
2022-05-23 23:13:02,一彈指間,还行,allstar40,推荐
2022-05-23 22:52:15,sasa,难寻少年时，总有少年来！,allstar50,力荐
2022-05-23 22:39:37,光与暖,招式动作好看，镜头好看，有的台词不错，集数也不长。有江湖和武侠的感觉了。而且里面挺多角色手长的还挺好看的，比如主角和韩英。,allstar40,推荐
2022-05-23 22:01:44,懂,真的好喜欢张哲瀚的周子舒,allstar50,力荐
2022-05-23 19:20:35,夏夏,看完了彩蛋也没能磕到 感觉挺肉麻的 哈哈 还有点幼稚 ,allstar30,还行
2022-05-23 15:28:59,豆友192479721,很用心的一部剧！,allstar50,力荐
2022-05-23 15:01:26,猴蛋（已种树,俊俊！我要给你生猴子！！,allstar50,力荐
2022-05-23 13:59:47,sherry,有点看不下去就是说,allstar10,很差
2022-05-23 13:20:39,豆友255659520,剧挺好的，演技也是超级赞，可惜了,allstar40,推荐
2022-05-22 23:51:19,例假小酥肉,三星半，淑芬气死,allstar40,推荐
2022-05-22 23:07:37,Delling,温客行大美人！！！,allstar40,推荐
2022-05-22 17:51:57,海帆～,温情，自由，江湖,allstar40,推荐
2022-05-22 17:15:20,Virus,"全剧就记得怎么一句，不是我救了她，而是她救了我，保持住了那股温热劲。
——小时候我把她嘴烫伤了，话都说不全还龇牙咧嘴的冲我笑，一直紧跟着唯恐我丢了她",allstar40,推荐
2022-05-22 16:45:47,Dumpling,看了预告不咋感兴趣，在b站上看了剪辑，真香，看了抖音视频，深爱。太喜欢周子舒了，他怎么那么好看？那么娇啊？张哲瀚太会演了，它和王爷对峙那场戏，爆发力绝了台词清楚。,allstar40,推荐
2022-05-22 15:33:31,Lu,好爱阿湘和老温,allstar50,力荐
2022-05-21 23:19:56,淼淼,磕cp磕得很开心，是一部剧情和颜值都在线的剧，武侠江湖部分偏弱，部分演员的演技也有待精进，但算近几年拍得比较好的一部剧了，片中花式文艺表白撩人手段很值得学习，综合来说，瑕不掩瑜，值得一看，磕学家尤为推荐！！！,allstar50,力荐
2022-05-21 18:23:41,看，晚霞很美哦,唯一一部看完的耽美剧,allstar40,推荐
2022-05-21 14:49:39,小刀大神,前面很好，越往后越拉，鬼谷谷主作为温客行第二身份，看着牛逼哄哄，实际属下都特么叛变，一个比一个弱，成了光杆司令，十大恶鬼简直弱不禁风。长生不老的剑仙连地板都砍不坏。张成岭全程鸡肋演技尴尬。后期文戏拖拖拉拉，对以前的真相根本没兴趣。我一个直男就奔着周也看完的。虽然我看曹蔚宁不顺眼，但虐阿湘纯粹是编剧脑子被屁股夹了。放在现下的国产剧里值得四星，但属实虎头蛇尾。,allstar30,还行
2022-05-21 09:00:07,凝光最泽,他翻车了。可别卷土重来～剧本真的很重要，小细节都能看半天，以后还有吗～这样的剧～,allstar40,推荐
2022-05-21 00:56:47,铭倾丶挽,目前耽改天花板，龚俊的小眼神，很有灵性,allstar30,还行
2022-05-21 00:02:05,潋 | Béatrice,剧本也太拉胯了，强行设定强行埋梗强行反转，大部分人物的塑造都极其平面，两个主角以外全员工具人。大部分情绪和情感毫无铺垫，不交代完整的人物内心和行为动机，按着观众的头喂设定。周也演戏五官乱飞表演模式化、周子舒前后期转变那么大的人物张哲瀚演得毫无层次感和深度，龚俊倒是有点疯批美人的意思收放得还可以（但相比于收得紧，放还是放得不够开）。全剧下来没有一个人物让我有记忆点、没有一个事件单线编得好。听说是原作者早期的作品，那么编剧就有义务完善，结果就是一个于表于里于技术于内容都很敷衍的缝合怪式的潦草作品。,allstar20,较差
2022-05-20 12:51:27,Dr_堂吉诃德,好腐哈哈哈,allstar40,推荐
2022-05-20 02:23:29,不甜我打你,殉了，之前看了一半吧,allstar30,还行
2022-05-19 20:54:26,盧一一,看了两回吧反正没看完,allstar30,还行
2022-05-19 18:54:08,又红又专丶,无话可说,allstar30,还行
2022-05-19 13:10:24,Maxxic,前半段不错，后面严重拉胯，看完的感觉仿佛是吃了翔一样难受,allstar30,还行
2022-05-19 01:48:50,落月屋梁,前面感觉还可以，后来剧情简直发疯了，人物更奇怪了，这个点我比较在意。如果说它是武侠剧，那，也没支棱起来。,allstar20,较差
2022-05-19 01:37:37,多喝水不喝茶🌱,一生最难忘的剧，没有之一。待到晴空月明日，应是人间相逢时。,allstar50,力荐
2022-05-19 01:02:29,深冬浅雪,家人们，我真香了。,allstar40,推荐
2022-05-18 23:13:06,一点颜色,"看了一半，服化道是怎么回事？桃红绿柳的衣服真辣眼睛，喜丧鬼的扮相太丑了，那么高的白发，化妆师是跟演员有仇吗？急色鬼也不好看。无常鬼倒是很不错。

真的以为赵敬是懦弱无能的草包，我错了😢

",allstar30,还行
2022-05-18 22:50:22,拉面仔,还行，算是认认真真讲故事的剧,allstar40,推荐
2022-05-18 21:40:21,WhoAMI,貌似不错，看了几集很上头,allstar50,力荐
2022-05-18 20:24:27,eating,啊啊啊啊啊啊啊加更啊啊啊啊,allstar50,力荐
2022-05-18 19:22:24,想穿漂亮小裙子,谁知道后来变成这样了😧,allstar30,还行
2022-05-18 17:11:21,拿乔,5555555一家五口都是的温暖和光,allstar50,力荐
2022-05-18 16:37:47,有没有一点点,"改分，剧本写得一塌糊涂，剪辑剪的也零碎。sos

cp感情线太好磕了！播出的剧中疯批骚攻太罕见了。后期拉胯，顾湘等角色的演员演技也很烂，看的很尬，配音也让我很失望。不过胜在莫名其妙磕死，又能看下去不劝退。",allstar20,较差
2022-05-18 14:08:55,「候鸟」,除了两个男主其它都可以，看吐了,allstar10,很差
2022-05-18 02:21:44,Larry,"呜呜呜，自从有了温客行，谦谦公子，温润如玉就有了模样！
上山太晚了，暑假才开始看，万幸那时候没有下架，先找资源看了一遍，后来想看弹幕，于是开会员又看了一遍（真是幸运），演唱会也是……
就是这部剧让我彻底爱上了温客行，像是被下蛊了一般，真是相见恨晚幸未晚！",allstar50,力荐
2022-05-18 00:31:11,吃货蹦迪ing,真是(✪▽✪)惊喜,allstar50,力荐
2022-05-17 23:37:55,泡椒,哈哈 怎么会忘记你 五月cp 禁言我的微博 恩将仇报？,allstar50,力荐
2022-05-17 23:11:42,原来可以真,剧情和演技不入我眼,allstar30,还行
2022-05-17 22:53:45,Sculplome,塑料质感。周也还可，俩男主演技中偏下，龚俊过怯，长相也是硬伤。这么油腻的台词和剧本，竟然能让腐女们颅内高潮?,allstar20,较差
2022-05-17 22:09:42,、过期少女,看完后追加一星！！我喜欢这又疯又怜的老温、喜欢一直站在老温身边给了他光的阿絮、喜欢可爱率真的顾湘、喜欢深情执着的曹蔚宁…人在江湖，身不由己，人生得一知己，三生有幸！,allstar50,力荐
2022-05-17 13:29:27,薛定谔的盒子,看完了，不烂，但也没有吹的那么好，后期人设略微崩坏,allstar30,还行
2022-05-17 12:17:22,QQ空间,两位主演戏外一个比一个差劲 但CP感真的是玄学 两位主演的粉丝剑拔弩张 但不得不面对这部剧将是他们哥哥事业上的最高成绩（还是共同的）虽然一个五官乱飞哭不出来 一个双目失焦令人出戏,allstar40,推荐
2022-05-17 09:50:31,ewigoxx,15集以前 暂4 在看完莫名其妙的20集师兄弟安排以后：1星给原作 1星给温客行 1星给龚俊 20集扣一星 理由如上。（毕竟谁能接受喜欢了甚至是爱了20集的人突然变成师兄还要秒能接受师兄先于自己知道了彼此这个身份且要笑着承认的？ 熬了两个夜今天终于看完全部加天涯客的彩蛋 暂时没看原著之前 姑且接受了师兄弟的设定是为了圆回来之后假死局加上以命换命救周子舒（虽然是不是师兄弟但外界依旧只认鬼主身份 依旧be）突然的结尾我真的不适应 感谢这个“彩蛋”七分钟mv救回一星 4颗不能再多了 若为“知己” 五星不为过 毕竟脱开江湖 谁还愿豁出性命只为了换你一命 这就是永远热爱人间烟火江湖故事的原因吧——“若倦鸟无心 不如归去”,allstar40,推荐
2022-05-17 03:37:30,ZMK,也太好看了 我居然现在才看到 之前点进过两次 被第一集前面劝退了 没支撑到温客行出场 真的大后悔！！！！ 温客行坐在圆窗户台摇扇子直击我心灵 之后跟丐帮打架眼神转换让我垂直入坑 正在二刷中 温客行穿啥都好看 我看的太晚了好可惜 ,allstar50,力荐
2022-05-16 22:58:18,大卫的未来,两集 性价比不高 跑了跑了,allstar20,较差
2022-05-16 22:42:05,JackyWoo,意外的惊喜啊，全方位碾压陈情令，不论演技还是武打场面还是特效都不是一个级别的。可惜了张哲瀚刚红就封杀了,allstar50,力荐
2022-05-16 21:02:01,焦糖玛琪朵,去年看了两三集就弃了 感觉没有很吸引我 之后有空再看看 （ps 看这个的时候有稍微get到龚俊的颜）,allstar30,还行
2022-05-16 17:38:31,相宜,我没看过原著，看第一集差点被劝退，到现在一直追着更新，体验了一把不屑到真香。首先，这部剧故事剧情很有让人看下去的冲动。其次，我真的在这部剧中找到了那份武侠感，配角形象也很饱满，让人印象深刻。最后，剧组穷但也真的很良心，不少实景拍摄，不少拍摄构图也值得点赞。最重要的一点，一部剧有个好编剧真的真的很重要。,allstar40,推荐
2022-05-16 17:19:18,薄荷~味,因为某剧最近迷上了这类型的剧，疫情期间把这剧看了点，抱歉第一集就看不下去，很多朋友推荐我看，等有时间我再看看吧，先给两分吧。😅😅,allstar20,较差
2022-05-16 17:13:25,星野源义经,这这这 这就是真的耽美啊（瞳孔地震）,allstar50,力荐
2022-05-16 10:04:10,嗑烫达人,中规中矩,allstar30,还行
2022-05-16 02:55:27,sbcdefghijklmn,牛蛙牛蛙！,allstar50,力荐
2022-05-15 23:47:34,小新,看了一半 没坚持住,allstar40,推荐
2022-05-15 21:05:46,🤖摸锚棒,本来以前觉得剧是不错的，结果张哲瀚的后续操作。。拜拜了您嘞,allstar10,很差
2022-05-15 19:48:35,苏小绒,改编多了很多人情味，虽然不可避免的伟光正，但是比起大部分的电视剧还是好太多了,allstar40,推荐
2022-05-15 18:14:40,听说风大眼睛行,2配速合适了，比我想象中好看，一环扣一环，铺下天罗地网,allstar30,还行
2022-05-15 15:22:17,棉棉🍉,看这部剧喜欢上了周也  ,allstar30,还行
2022-05-15 13:40:39,傩戏专家,久违地磕到了,allstar40,推荐
2022-05-15 11:24:59,死蠢死蠢的冷丁,殉了之后看20集之后还是香了,allstar40,推荐
2022-05-15 03:45:35,山海,前面十二集很优秀，十二集往后啥也不是，三星全给前十二集，我真的很喜欢这部小说来着……可惜了！,allstar30,还行
2022-05-14 23:44:43,我有一个梦境,阿湘和曹蔚宁全剧最最最意难平😭😭😭😭,allstar40,推荐
2022-05-14 21:47:13,🎀,龚俊的红妆  龚俊的笑  爱了爱了,allstar50,力荐
2022-05-14 20:28:20,翩翩,微磕，我的心已经是一颗成熟的心了！,allstar30,还行
2022-05-14 20:11:19,阿唐没脑子_,这不是耽改就是耽美啊！！！！,allstar50,力荐
2022-05-14 16:27:42,咿呀咿呀,"编剧四星：双男主感情递近写得好。人物有逻辑，台词有水准。对江湖的刻画太儿戏。大场面的戏一场也没撑起来过。小初大大写得过瘾，狗血无罪，但挨一句“吃绝户”的骂，实至名归。
制作三星：简陋但仍能看出诚意。特效拉垮。原著一些“高光时刻”被直男导演“还原”的略恶心。若这是部bg剧，观众才不会这么宽容，也绝无爆的可能。",allstar30,还行
2022-05-14 16:16:44,梨梨,说实话我真的get不到。,allstar10,很差
2022-05-14 13:02:15,茶盘问花,说实话这剧名真的不应该叫琉璃甲吗😅杀人诛心啊！看到第34集就结尾其实也挺好的，第35集我哭傻了！！！幸好有彩蛋，BE变HE，否则我真是承受不住啊！叶白衣真是全场最佳，叶白衣一来，事情就精彩了😏最后，我好喜欢温客行！！！！龚俊演温客行真的很适合呢！其实一直看到30集左右都打算给三颗星的，但全部看完发现最后几集还是很上头的，前面所有的埋伏全爆发了，给四颗星吧！,allstar40,推荐
2022-05-14 12:59:53,夜雨声烦的声声,温周天下第一,allstar50,力荐
2022-05-14 09:15:54,momo516,剧情设计得是挺复杂，漏洞也挺多，不时就一段含情脉脉的凝视实在是看得尬，就不能自然点吗,allstar20,较差
2022-05-14 06:14:20,兔叽兔,温客行乃我一生挚爱（张弛脸.jpg,allstar50,力荐
2022-05-14 00:12:16,过雾山,，，，剧挺好,allstar50,力荐
2022-05-13 21:26:26,Annette吖吖,一对男CP携手手江湖，解决各个问题，也理清了以前的江湖恩怨，对之间的误会也解开了，两个男主很有画面感，有互补，也有惺惺相惜。龚俊感觉演的很嫩，但最后几集演出了感觉。张哲瀚真的可惜子，本人还是挺喜欢的，演的也很自然，就是现在被封杀了，真的可惜。周也在里面演的挺有灵气的，只是结尾有点可惜。,allstar40,推荐
2022-05-13 17:24:30,sakamoto_Josh,去年看的时候真的每天都是磕拉了的感觉,allstar50,力荐
2022-05-13 16:40:54,Rubbitysu,一出就追 记录一下 真的很喜欢温客行 他每次摇动扇子真的感觉又温柔又飒,allstar50,力荐
2022-05-13 16:35:28,Haruka·K,救命居然这么好看,allstar50,力荐
2022-05-13 16:33:04,心如止水,还原度极高，主角契合度也很好，明天按时守着更新的日子好幸福。,allstar50,力荐
2022-05-13 15:49:08,叶叶叶叶,当成武侠剧看的,allstar40,推荐
2022-05-12 22:55:15,真探,记2022.5.12，今天和潘总终于看了山河令。想来我才是那个不合时宜的人，竟现在才把山河令看完。,allstar50,力荐
2022-05-12 22:08:30,是阿方啊,世上安得两全法。,allstar50,力荐
2022-05-12 14:11:42,友子烧,不得不说拍得太好了太好了！！拍得了的拍不了的都拍了hhh对照过原著其实改动也算合理，算是改得比较好的了，不作过多评价光是那年我看完直接嗑到感冒就知道当时对我影响有多大了XD,allstar50,力荐
2022-05-12 10:54:53,耳机打结了🎧,很哈哈哈哈或好美,allstar10,很差
2022-05-11 22:11:56,bidu--,其实真的还是不错的🤧,allstar50,力荐
2022-05-11 21:27:15,一条甜鱼,好看,allstar50,力荐
2022-05-11 20:45:32,下亞厘畢,3.5 十好几年没看过古装武侠剧的人一边尬到骂骂咧咧一边表示磕到了磕到了///4！磕晕了磕晕了///5 第12集 yyds///3.5 13集冷静了一点 ///3 哎14集的声音我看得好生气，前期合同期都那么努力了，后期这么拉胯真的不值得,allstar20,较差
2022-05-11 18:14:21,北枫,陪女朋友一起看的,allstar30,还行
2022-05-11 13:29:22,Mingha - Lau,毫无cp感全靠白皮撑起,allstar20,较差
2022-05-11 12:35:41,TARO,百感交集。,allstar50,力荐
2022-05-11 10:50:27,神山樹,物是人非 百感交集,allstar50,力荐
2022-05-11 10:14:43,花生君,龚俊演技还是很喜欢的,allstar40,推荐
2022-05-11 07:53:10,麻溜利索滚,大后期不知道是不是一方演员感觉出了问题 还是怎么回事 有违和感 四分给前中期和另外一位演员,allstar40,推荐
2022-05-11 00:39:13,磊磊子,说实话还是get不到,allstar10,很差
2022-05-10 23:42:00,愿做你的小星星,很好看，剧情精彩，喜欢打戏。,allstar40,推荐
2022-05-10 23:37:39,momo,最初因温客行轻摇雪扇的锦衣公子造型入坑，后来被强大坚定又温柔包容的周子舒感动，真爱就是能治愈你过往所有伤痛的那个人。鬼谷设定惊艳，拍出了正邪群像你方唱罢我登场的精彩。这是个在江湖的刀光剑影尔虞我诈中追寻正义和真情的故事，雪山结局又是高山流水式的浪漫。唯一意难平的是阿湘和小曹了。,allstar50,力荐
2022-05-10 22:56:39,一隻小豬,如果沒人告訴我這是耽美，我是真當武俠片在看了，這排場，這打戲，一點都不敷衍,allstar40,推荐
2022-05-10 22:55:34,勿忘初心,我的女版老温😍在哪？！,allstar40,推荐
2022-05-10 20:05:22,DAWN,祭奠那段快乐的时光,allstar50,力荐
2022-05-10 19:11:19,千元一斤的米,好喜欢龚俊的~~,allstar40,推荐
2022-05-10 17:43:20,爱种花的咕噜噜,同样是DG 比陈情令不是差的一点半点 完全没有主旨不知道全剧要表达什么,allstar30,还行
2022-05-10 16:54:48,喻果d(ŐдŐ๑),疯批美人攻爱了！！！,allstar50,力荐
2022-05-10 12:52:35,撒娇小天才,对于网上某作家的辣菜小作文表示迷惑，温客行演的特别好,allstar40,推荐
2022-05-10 10:12:59,評凡,封面都换了😂😂才注意到,allstar40,推荐
2022-05-10 08:34:38,地狱解剖,补档,allstar40,推荐
2022-05-10 01:26:59,叮咚呀叮咚,"温客行这个角色塑造的是真的好！！",allstar40,推荐
2022-05-09 23:43:15,4次元Peace,终于补完了传说中的高分禁片……温客行真.美强惨,allstar20,较差
2022-05-09 20:46:41,兔子眼,故事线很单薄 剧情完全没有吸引人的点 快进看完的 ,allstar30,还行
2022-05-09 18:26:53,dnwixnwixna,被朋友按头看的，不喜欢双男主这种形式，但是能拍出一点点江湖感，近些年来也少见了（原著里顾湘对于周子舒是有微妙动心的，剧里面她完全变成温客行附庸了就很没意思。）,allstar50,力荐
2022-05-09 12:49:58,Rita**,龚俊令人诧异的经验了,allstar50,力荐
2022-05-09 11:03:31,大王子,超好看的,allstar50,力荐
2022-05-08 22:51:05,6002,龚俊真是古装之最，没有比之更好看的人了。,allstar40,推荐
2022-05-08 17:55:11,旧言虐心,就…还行，没有好……不像武侠剧,allstar30,还行
2022-05-08 17:09:52,白桃乌龙,确实是好看的 但也确实不值这么高的评分 刚开始几集几位主演的演技有点尬 虽然之后渐入佳境 打戏也实在一般 只会慢动作 只能说很尊重原著 把能拍的 别人不敢拍的 都尽量拍出来了 是耽改的又一辉煌,allstar50,力荐
2022-05-08 10:12:26,伶妹,"又甜又刀
烈女怕缠郎
你若不在了 千山暮雪 我孤翼只影向谁去啊
一夜白头",allstar30,还行
2022-05-07 21:46:36,TJ,不知道怎么说…………就不应该点开的…………终究是错付了…………//连夜看完，趁着感动来打了个五星，温客行和周子舒的感情太戳我了，厌倦尘世却遇到了彼此可以付出一切知己。“你身上有光，我抓来看看”真的哭死我了，周子舒就是温客行的光啊，在他最需要的时候照亮了他的世界，也让他有了软肋，有了愿意付出生命去守护的那个人，温客行就是周子舒的希望啊，让他有了活下去的念想，有了生活的意义。山河不足重，重在遇知己，相互救赎，彼此依靠，这种感情太美好了，让我这个看的人也不禁陷进去了。,allstar30,还行
2022-05-07 19:17:39,芝果,治愈,allstar50,力荐
2022-05-07 14:21:28,樱花泡泡小公主,沉沦世俗为你的美 是人是妖还是恶鬼❤️,allstar40,推荐
2022-05-07 08:49:45,你还欠我四块八,总体来说还行。满意的点：温客行前期的人设和每集的造型，前期的剧情也还ok，有几场打戏做得很漂亮适合做混剪。耽美线还是让我小小磕到了。不满意的点：打戏的慢动作太多，看得我烦躁。两个主角一个万鬼之首一个杀手组织头头，但是战斗力感觉忽高忽低，前面看着很强后面像个弱鸡动不动就要被打死。最后几集的剪辑逻辑混乱，混乱到让我经常怀疑自己是不是少看一集的程度,allstar30,还行
2022-05-07 02:59:19,最佳废人,我震惊了，这么好的东西我怎么才发现，都舍不得倍速，一帧一帧都是美的                            看完了，我谢！我就是真傻子，被温客行骗得团团转，好你个说谎不打草稿的温客行，乌龟王八蛋温客行！！！呜呜呜呜呜呜呜呜呜呜呜呜 我从头到尾猜的结局都是阿絮自己安静的死或者替温客行挡刀死，直到最后我终于放心俩人都不用死 又给我来了记耳光 我再也不相信你们臭编剧了 彩蛋也不能抚平我破碎的心😭讨厌讨厌讨厌讨厌讨厌编剧！,allstar50,力荐
2022-05-06 22:26:44,旋转妯娌丶,乱七八糟 剧情水 人物干 …  ,allstar20,较差
2022-05-06 21:59:11,idealism,怎么没有0星,allstar10,很差
2022-05-06 21:46:12,夏小阳🐑,可太喜欢温客行了,allstar40,推荐
2022-05-06 21:23:30,天秤座小狗,现在这分数太虚了，只能说剧情稍微不那么离谱，有几个选角还可以。,allstar20,较差
2022-05-06 17:34:13,日常划水,看一半弃了,allstar30,还行
2022-05-06 17:24:17,符雅凝,虽然戏外一地鸡毛，但是剧还是好看的,allstar50,力荐
2022-05-06 15:56:26,404 Not Found,龚俊直接窒息我，双男主真香，为我以前不懂bl的伟大道歉。''为什么明明是双向奔赴，却给人一种错过的感觉''…大概领略了什么是意难平（但感谢彩蛋的he）,allstar50,力荐
2022-05-06 15:56:18,🍑,我真的谢谢你👊😄,allstar10,很差
2022-05-06 13:16:03,sisiman,除了爱情，我更吃剧情。有点怀念去年的这个时候了。,allstar50,力荐
2022-05-06 11:12:52,在水,诈尸式看剧，我滴女儿女婿啊55555555,allstar40,推荐
2022-05-06 08:43:51,浓浓,周子舒演员演出的气场全部都是向内收的，包括他与晋王最后的对话，只是在过分用力表演，我没看过原著，结合电视剧的情节，总觉得是有些别扭。很久没有看武侠剧了，看到这些兄弟情，师徒情，还是很感动。后面几集崩掉了。也很可惜，播放了半年就被禁了。,allstar40,推荐
2022-05-06 02:41:07,刘亦菲,两星给一些武打镜头 阿湘的bg线可以 bl线两个丑娃娃没有cp感 后期剧情很拉垮 ,allstar20,较差
2022-05-06 02:20:27,goudan,前10几集真的很不错 后面ooc和bug让人吃屎 再说一遍我恨烂尾剧,allstar20,较差
2022-05-06 02:17:35,杜杜杜,这他喵啥…看了三集我真无法忍。这劣质剧居然有8分，不管是那个演员都像阅读器里的ai念台词，灭门能被拍得这么儿戏还想怎么让观众相信啊,allstar10,很差
2022-05-05 22:59:13,遗忘之河,拖延症一直等到下架了才去下载看的……不错，没有魔改，演技也不尬。后半部有点拉。但是近年这两部“令”都不错。,allstar40,推荐
2022-05-05 22:52:40,文渊,看的我一直傻笑,allstar40,推荐
2022-05-05 21:47:30,钟晴木兰,"评分挺不错的，莫名想去追剧了。隔天终于看上了，一口气追了好几集，坐等更新！（3.4始）

最近都被这俩个搞得茶不思。
阿絮×老温（3.21）


始于颜值，忠于才华。重刷了两三遍，终归还是有些意难平吧。（是时候也该下山了4.20，估计有点悬…）（2021）",allstar40,推荐
2022-05-05 21:31:46,诸葛拖把,kswl！,allstar40,推荐
2022-05-05 21:27:29,雪糕,前半部温客行的扮相入坑，后半部逻辑彻底崩坏，温谷主变白莲花，毫无说服力。,allstar30,还行
2022-05-05 20:04:00,塔奇克马娜,很江湖,allstar40,推荐
2022-05-05 18:44:22,悠小白,看完之后都以为只是讲知己之交，看别人的评论才知是同性之爱，原来我这么单纯？,allstar30,还行
2022-05-05 15:37:21,Halcyon,温客行是真的好看，剧情也是真的拉跨。,allstar20,较差
2022-05-05 13:30:58,非布司他,温客行yyds！,allstar50,力荐
2022-05-05 12:22:03,三九,一个人为什么要躲起来 ？是伤心 想见的人再也见不到了 于是就谁也不见了,allstar50,力荐
2022-05-05 01:39:47,wwwwyn✨,得此知己，一生足矣,allstar50,力荐
2022-05-05 00:59:19,灼灼,个人不是dm的受众，这部剧单就 兄弟情 互为救赎 的主题来说就已经很饱满，剧情可圈可点，反而是部分过于xx的台词动作引起了不适…结局需要彩带来补，大可不必，正片真的差那么1分钟的镜头编排，导致需要强行be吗？另外，红衣温客行yyds！女儿和女婿虽然好哭，但是女婿愚忠愚孝冲动的劲，真的下头…,allstar40,推荐
2022-05-04 22:11:21,风雪夜归,除了男男有点恶心，其它的还可以,allstar40,推荐
2022-05-04 19:13:15,MillenniumEden,飞絮落花时候再登楼。,allstar50,力荐
2022-05-04 13:59:36,潇哥,三天就看完了…我是一个之前对古装有偏见所以从去年拖到今年才看的人。结果沉溺其中无可自拔。除了剧本写的非常好外（毕竟帮派众多，人物性格鲜明逻辑自成一派），好几个演员都演的非常好，尤其龚俊在这里简直就是温客行本人，眼波流转是他，一颦一笑也是他，亦正亦邪也毫无违和感。凌晨两点一刷完，心里满是感动悲伤和欣慰。耽美的爱也因各种原因隐晦而意到便止，反而更加强烈深刻。当然武侠江湖这些元素也依然排布地极好，看完我觉得我中文水平成长了；）看完我想他值得我再写一篇小作文，就是好看到如此,allstar40,推荐
2022-05-04 10:39:32,浮华玩物,相互救赎的故事。配角真的意难平。后半段有点注水。,allstar50,力荐
2022-05-04 08:23:29,爱yue的咩坨,看过了这么久，我还是记得温客行和周子舒,allstar40,推荐
2022-05-04 02:09:56,说什么呢🇨🇳,虽然看这部剧是因为剧荒才去看的，起初还带着耽改剧的标签去看，而且之前没怎么接触过耽改和耽美，所以刚看这部剧甚至内心还有一丝戒备和挑剔，但是看了之后就深受吸引，觉得这部剧能看到主创团队的用心和巧思，我很喜欢剧里的台词和人设，非常能打动我，剧情流畅，人物鲜明，服装精致，演技到位。目前播出的剧集里，两个男主里面温客行前期比较抓眼，周子舒后期有很多打动人心的时刻，双男主的对手戏也很好看，剧里还有很多副线也都非常感人。这部剧说明，感情和题材是没有高低之分的，用心和真诚才是能够俘获观众的制胜法宝。不过也有一些瑕疵，比如我不喜欢剧里的滤镜，显得画质很廉价，叙事节奏也略显奇怪，主次不分，感觉剧本打磨、拍摄制作方面还可以更加精良，还有主角配音最开始听觉得也不太贴脸，还适应了一段时间～,allstar40,推荐
2022-05-04 01:57:28,距离远一点儿,"上头了，原来耽改还是有能看的
这俩人看向彼此的眼神呦～",allstar40,推荐
2022-05-04 01:16:20,luoyang,看了第二遍，因为温客行周子舒太好看了。尤其是温客行服装造型太华丽了，整个人很舒展。第二遍看，眼神拉丝名不虚传啊……CP感是有的…阿湘和曹蔚宁还是意难平…大白兔人设可以的，是我喜欢的那种，永远理解你、尊重你、相信你、向着你、永远偏爱你，这种毫无保留的爱，真的是大白兔才可以啊……,allstar30,还行
2022-05-03 23:22:00,初见,这个评分是认真的吗 剧情稀烂反高潮 可能cp好嗑吧,allstar30,还行
2022-05-03 22:51:58,人形莉莉丝,好看！是一部惊喜之作！,allstar50,力荐
2022-05-03 22:17:26,月渡星川,阿絮。古往今来至臻完美的阿絮。,allstar50,力荐
2022-05-03 21:41:54,featherちゃん,好多年没看到过的武侠剧，刚开始没特别入迷，但后劲十足。一个不沉迷耽美的人也磕到了全剧遍地的CP，每一对都意难平。be美学是最棒的！有个热评写的很入我心：两位男主双向救赎，同生共死，可以斩落十里桃花，也可以放白鹿于青崖。中国古典同性情谊已无需宣之于口。,allstar40,推荐
2022-05-03 21:23:19,道上,神奇的剧情很原著很多不一样，但还是觉得好看。张哲瀚，小林殊呀。,allstar50,力荐
2022-05-03 20:42:32,be＋be,错过了当日的盛况，五一假期看下来觉得还不错，瑕不掩瑜,allstar40,推荐
2022-05-03 19:36:12,瓜田里的猹,物是人非 耽改有毒,allstar40,推荐
2022-05-03 19:28:03,爱卷毛的西瓜,这部剧在我眼里已经不是耽改了，这根本就是耽美嘛，这特喵的就是爱情啊！我爱编剧,allstar40,推荐
2022-05-03 17:05:54,euphyye,看不下去……,allstar10,很差
2022-05-03 12:06:52,用户7575420264,时隔一年，我不是因为这部剧了解到演员的，但是是因为这部剧很火，然后关注了演员，你值得，继续努力，加油！其实这部剧还没看完ʕ ᵔᴥᵔ ʔ，但不会再看了 ，美好会永存我的记忆里，一起努力变优秀,allstar50,力荐
2022-05-03 11:00:33,豆友komz7lbF-8,配角加一星，剧情无聊,allstar20,较差
2022-05-03 07:19:43,风在发端,拍的还不错，色彩画面也很美,allstar50,力荐
2022-05-03 02:40:16,明日冰雪封山,下次演戏就行，别唱歌了。求求了。,allstar40,推荐
2022-05-03 01:49:33,Auroraa,慕名的看过，女儿的大婚太遗憾了。,allstar40,推荐
2022-05-03 00:02:29,纪晓芙,好看的,allstar40,推荐
2022-05-02 23:34:47,冷C,看了剧后速度补了原著，剧情有很大改动，但在第一遍看的时候并没有觉得哪里逻辑不对，所以还不错。男主温客行美人攻真的很不错，眼神敢撩、言语敢骚！而且剧版删减了原小说里爱上基院的人设，倒也显得主角一开始一见钟情了。唯一扣的1🌟扣在各种江湖角色出场太多，特别是几个速度领便当的公子…死的时候我都没认清脸…（没追完，完美避开了结局,allstar50,力荐
2022-05-02 19:00:05,可爱得让人生气,太好磕了 我嘴角就没下来过啊啊啊啊啊啊啊,allstar40,推荐
2022-05-02 17:43:11,停车场赶车小妹,嚯，我竟然没有标记过？,allstar20,较差
2022-05-02 16:24:19,岚（修行ing）,尬，被剪辑拉进去的，滤镜下倒挺有感觉。刚开始人不对名，后来又看了up主的安利视频包括一些reaction，追剧体验挺好的，但是剧情真的不行。如果没看过书，剧本身吸引不了我，知道情节后，一直拉进度条也不影响观看。大概从所谓的高光剧集后就开始崩坏，我五分钟就能看完一整集。主角人设也给改得不像样，周改得矫情了，温也特别别扭。扩写了感情线之后，原书中的武侠和江湖韵味就削减了。,allstar50,力荐
2022-05-02 15:29:56,夏日葵,觉得比小说好看,allstar20,较差
2022-05-02 09:53:20,我是小佣兵,什么玩意,allstar10,很差
2022-05-02 08:44:56,飞玉女侠99,温客行 yyds,allstar50,力荐
2022-05-01 23:37:39,咻咻,我对耽改都是一视同仁,allstar10,很差
2022-05-01 21:44:12,🦊,【21.06.30】难忘温客行。,allstar50,力荐
2022-05-01 21:36:26,自鸽选手,熬了个大夜可算是从头到尾无倍速式地看完了，不禁感叹甜甜笔下的人设魅力让人动容。,allstar40,推荐
2022-05-01 21:30:13,豆友uCDIhrOlHU,最近才看，我觉得节奏好慢啊，故事主线磨磨蹭蹭，两人的情谊硬是强凑,allstar30,还行
2022-05-01 21:27:23,wysss,上山到下山，不管怎样，温温一定要幸福呀，全世界最好的温客行,allstar50,力荐
2022-05-01 20:46:36,cherrybean,有诚意的片子，总不会太差。演员那，还是应该好好做演员，太过了累了剧多不好。,allstar50,力荐
2022-05-01 20:21:56,123开始吧,龚俊把温客行带来人间了，正是人间相逢时。,allstar50,力荐
2022-05-01 19:42:59,夹心白茶,疯批美人谁不爱,allstar50,力荐
2022-05-01 12:38:35,Nullement,高开低走 结尾不错 ,allstar40,推荐
2022-05-01 09:23:57,Serendipity.,"真纯周正，知礼高义，旷达通透，是为周。
笑看风云，杀伐决断，赤子之心，是为温。
珠联璧合，江水为竭，其情可倾，是为温周。

我实在是太感动了，这部剧荣升我古往今来电视剧top1。每一帧都值得记录，每句话都有高洁风骨。太喜欢这种双向救赎双向奔赴的爱。苍茫世道，三山六水，他们终会相逢。

故事虽然结束了，但周温二人会在我的精神家园常住。",allstar50,力荐
2022-04-30 23:43:59,灰渡,〈补〉,allstar30,还行
2022-04-30 22:27:16,沉睡的悟空,从此再无XX令了。。。反派两个人真的是关系难以描述,allstar40,推荐
2022-04-30 20:55:40,Dvs,"讲述了一对古装“好基友”的情感故事…………
不过讲真的，现在的任何镜头都自带美颜吗？抬头纹都没有。😂仙气飘飘",allstar30,还行
2022-04-30 20:23:05,dongxie4,第一集开头慢镜头无处不在，恨不得每一帧都慢速吗？动作不够，慢镜头来凑，只想差评，看的难受,allstar50,力荐
2022-04-30 18:35:21,权志凤,哇 打开新世界～,allstar50,力荐
2022-04-30 18:08:58,Yola,不看耽改剧，但是不得不承认是一部很不错的剧，武打真的不错，一直记得叶白衣的衣服打架的时候有多好看,allstar30,还行
2022-04-30 14:45:44,sherri,补标，当时热播的时候看的，勉强看了一半吧，完全get不到,allstar40,推荐
2022-04-30 09:36:29,绿山墙安妮,"惊艳。龚俊演的温客行俨然武侠漫画里走出来的男主角，小时候看武侠连载，配的男主插图就是那个样子，剑眉星目，玉树临风，说“好剑”的那个眼波流转太美了。张哲瀚演的周子舒出水后让温客行去找食物，装做内伤复发骗温客行而得逞的那个克制的微笑，也好美好美。除掉一些观感虚假的特效，剧里很多很多画面构图、光影都看得出来非常用心。双男主都特别有味道，演技和剧情层层递进，一集比一集迷人。
（可惜下架了，温客行yyds！）",allstar50,力荐
2022-04-30 09:25:40,泡泡泡泡%,不值8分,allstar30,还行
2022-04-30 01:28:58,Picapica,人呢本质就是贱，越禁忌的感情越令人向往，越隐藏的糖磕起来越甜，这也是为什么耽改一年爆一个。剧和书是两个作品，原著提供了优秀的基础但并离惊艳还远，个人觉得剧可能是耽改前无古人后无来者的巅峰了，编剧为首的主创为男性观众增加了武侠世界的厚度为女性观众创造了复杂的情感深度，各取所需。大环境所限，带着镣铐的舞蹈能有这样的作品应该知足了。烟花绚烂一瞬，希望能留下点什么，作品是，演员也是。,allstar50,力荐
2022-04-29 22:30:41,one,抛开剧外，只论剧，有改的好的地方，有改的不好的地方，尤其后期，不好的地方居多，可惜了。,allstar40,推荐
2022-04-29 22:19:57,ahu,温大善人与阿絮,allstar50,力荐
2022-04-29 21:47:55,小狗奴,算是耽改中较为成功的了，我叹息,allstar40,推荐
2022-04-29 20:43:56,Fiaccamente,不错子,allstar40,推荐
2022-04-29 18:25:03,Vivi,同是p大作品，编剧制作高下立现,allstar40,推荐
2022-04-29 16:51:34,佳小喵,感念山河令，让我“遇到”龚俊，从前对他无感，原来只是因为和女演员对戏的他，才是万年大冰山般的绝缘体，一旦“下海”，变身温客行，瞬间就切换成顾盼神飞，灵动不可名状，又A又欲又妖又易碎的疯批美人，攻受同体，惊艳绝色（比剧中所有女演员都美）。台词超绝，有超燃的打戏配搭系列：“要么死，要么滚”、“我说都起来”、“莫掌门，在下受人之托，来送你一程”的鬼谷主范儿；有从头撩到尾，脸不红心不跳说出“烈女怕缠郎”的温大话痨范儿；也有最后压轴经典的：“你身上有光，我抓来看看”的深情至死范儿。那个号称自己“歌舞双废”、可可爱爱唱着“芜湖”的射手座大男孩，此时是如此魅力万端，男女通杀。ps 再码上自己超喜欢的经典语录记录下吧：难寻少年时，总有少年来；山河不足重，重在遇知己；执子之手，坐看云舒；天涯孤鸿，无根行客。,allstar50,力荐
2022-04-29 14:30:31,梁朝伟的小老婆,后面有点太快了，喜欢看的是武林的这种故事，但是并不觉得兄弟情能吸引我哎。,allstar40,推荐
2022-04-29 13:33:07,愿万事如意,赵这pua真的是…蝎王好乖…温客行好帅！！！！！！！！！！,allstar40,推荐
2022-04-29 12:57:35,散散散,是我喜欢的武侠世界，老温，湘湘，大家，真的好看,allstar50,力荐
2022-04-29 11:38:31,🐑,嗷嗷嗷！我宣布耽改101top！当然是因为后面的剧都还没上，不过上了也很难超越吧，为后面的耽改剧点🕯️，双向救赎yyds！疯批美人+忠犬+骚攻每个设定都疯狂踩我点👍🏻😭👍🏻,allstar50,力荐
2022-04-29 09:56:42,无藏,耽改101开年好戏，继续蹲,allstar50,力荐
2022-04-29 01:57:05,林绝,山河不足重，重在遇知己。,allstar50,力荐
2022-04-29 01:06:07,⌯'ㅅ'⌯,颜值支撑我看完这部剧,allstar40,推荐
2022-04-29 00:42:04,木令,龚俊的温客行确实不错，当时是很迷这部剧啦，片头曲单曲循环。刻画人心、善恶，前尘旧事追根溯源，还挺有江湖味的。,allstar50,力荐
2022-04-28 19:56:48,地球熟透了,挺...挺不好看的啊...,allstar20,较差
2022-04-28 18:42:17,🍉,"呜呜呜呜呜好看好看
真是太可惜了
老温的眼神戏以及周子舒的娇娇样真的是堪称cp感爆棚",allstar40,推荐
2022-04-28 15:33:56,美味多生日蛋糕,实在看不懂,allstar10,很差
2022-04-28 13:17:48,竹夭,结尾垮掉… ,allstar30,还行
2022-04-28 07:28:20,D-dnhcs,比我想象中好 周子舒还挺耐看的 温客行身型比例挺好 顾湘也很可爱！大家的演技都有待提高,allstar40,推荐
2022-04-28 00:29:37,穿风衣的猫,九集弃，非原著党。,allstar30,还行
2022-04-27 21:21:13,k1ki,从甄衍开始 我就知道编剧再瞎搞 ,allstar40,推荐
2022-04-27 20:33:57,THE-9 薇娅,好丑,allstar10,很差
2022-04-27 16:12:06,周周睡不醒,后面崩坏，改编请合理不要无脑改编。,allstar30,还行
2022-04-27 15:36:09,Lynn,不错，没有那么多乱七八糟的线，画面很美，人物表演也很正,allstar40,推荐
2022-04-27 13:08:46,杉杉永恒,最后几集没看完,allstar50,力荐
2022-04-27 10:04:24,"Ok, fine",看到彼时大家的评论仿若隔世，剧还是可以一看的。,allstar40,推荐
2022-04-27 09:54:46,👀,演的老好了，没看过书但是看剧情觉得不冲突很好看,allstar50,力荐
2022-04-26 23:53:42,一只血鸟,周子舒爱人的时候很美 会震惊他爱人时的眼神 当初看预告就是这样的。,allstar40,推荐
2022-04-26 22:50:45,Leoyang,太太太基了......,allstar40,推荐
2022-04-26 21:48:34,闯闯小游侠,前期很惊艳，后期剧情感觉俗套了。不知道是否也和这世间事一样 都是人生若只如初见的好啊，前期确实惊艳到了我,allstar30,还行
2022-04-26 21:47:41,哒啦哒啦,温客行yyds,allstar30,还行
2022-04-26 20:33:23,Kandy,前面还可以，後面就一般了,allstar30,还行
2022-04-26 11:08:31,温客行,致敬爱与自由，满分鼓励,allstar50,力荐
2022-04-26 10:03:53,Allein,"好般配！磕疯了！看完又去补了小说，还是更喜欢剧里这对的刻画，可惜剧里受限于兄弟情没能更进一步

追评：看了几集某其它耽改剧以后，回来把四星改成五星。原来耽改剧门槛这么高，不是随便找两个鲜肉就可以演的。老温yyds",allstar50,力荐
2022-04-26 08:01:44,猪弟不孤独,够甜，这部剧可以当广播剧了，配音绝美,allstar50,力荐
2022-04-26 07:58:59,末凉,太上头了妈呀,allstar50,力荐
2022-04-26 04:22:49,RoroXD,可惜了,allstar40,推荐
2022-04-25 15:07:06,毕少侠也在江湖,剧情不错，演员不出戏，就是看着一个男的一直撩另一个男的有点奇怪,allstar40,推荐
2022-04-25 13:12:39,锁冬,不错 渐入佳境了，但是配角演技还是硬伤,allstar40,推荐
2022-04-25 01:24:08,Amaris.,之前就看到评价非常好，连评分都这么高，可看的过程中却没有很吸引我。虽然不存在更喜欢哪一个，但陈情令是有越看感觉越好看的，相较而言山河令只是让我觉得龚俊越看越好看😂。不过整体较别的同类剧还是好很多的。,allstar30,还行
2022-04-25 00:17:07,吃定巧合,延迟追剧，果然dm分虚高,allstar30,还行
2022-04-24 23:25:46,🌚🌝,耽改剧呃还有劣迹艺人在其中，换个演员应该挺好的，剧情啥的也不错,allstar30,还行
2022-04-24 22:16:31,Rockabye,难寻少年时 总有少年来 龚俊垂直打击我的审美点 永远爱疯批美人！！,allstar40,推荐
2022-04-24 21:51:30,冲业绩,很久以后想起来打分，但是印象都不深了，只记得小魔女和副cp💔,allstar30,还行
2022-04-24 17:39:25,查无此人,不嗑耽，更非原著粉，但两倍速看完岭之后，还真挺香……至少剧情流畅不生硬突兀，再加之审美在线的服化道，以及演员的入戏，着实看得出作品的用心，龚俊的温客行真的是一个看过之后很难让人不爱的角色,allstar40,推荐
2022-04-24 17:32:44,蓝印印,不好看,allstar10,很差
2022-04-24 16:48:32,旺仔阿Q,本来想打三星的，多的一星给疯批美人温客行。,allstar40,推荐
2022-04-24 16:47:30,向晚待春风๑,"更新一下，原来部分二倍速现在一集五分钟不到就看完了。感觉着实不太行。怎么说呢，编剧改剧情可以接受，改的好一点也可以，现在走向就不在我个人可以理解的范围内了。


真的不错了，以我浅薄的看耽改剧的程度来看。周子舒相比较而言和书里差的有点大，但演员没问题，是人设可能没有那么好。总的来说还不错？",allstar30,还行
2022-04-24 03:13:18,卖女孩的小火柴,龚俊的温客行太绝了,allstar40,推荐
2022-04-23 19:27:10,Chloew5250,emmmm,allstar50,力荐
2022-04-23 19:21:52,喵喵,"时隔一年二刷，大概剧情还记得之后，更能体会人物感情了。 1. 甄衍好孩子太可怜了！就那么一点蜜糖，让他可以在黑暗中坚持这么久；2. 小曹女婿满分女婿，“万一杀错了，你那么善良，你会伤心的”；3. 赵敬的嘴，骗人的鬼哦。一刷非常喜欢“小龙女”阿絮，二刷非常心疼大可怜温客行，阿絮最后的情急之下起钉子也让人好不唏嘘。相见恨晚幸未晚！ 好好的温周，好好的俊哲。",allstar50,力荐
2022-04-23 16:06:21,温温公主,我永远喜欢温客行，喜欢龚俊,allstar50,力荐
2022-04-23 14:26:17,爆汁柠檬干一口,p大的小说如果全部影视化可以捧红整个娱乐圈所有待红小生。但priest真是我的掌中红痣啊，每一部都是耽美题材严肃社会文学，谁来演都衬不起决然风骨,allstar20,较差
2022-04-23 03:02:23,金喜,为腐而腐，无语的翻拍和演技，剧情改的面目全非,allstar20,较差
2022-04-23 02:29:10,Catherine,把你的回头路照亮。,allstar30,还行
2022-04-22 23:48:07,一百八十度微笑,假死剧情禁不起推敲😂但看张哲瀚和龚俊谈恋爱还是蛮开心的，魏晋风骨不就是这样么，我们的社会并没有进步,allstar40,推荐
2022-04-22 21:38:19,几点,"剧前中期逻辑顺畅且多次触动了我 给5星，结尾稍显仓促扣1星。但龚俊把温客行演活了，加1星。

我得说，岭当初最吸引我的是中华文化的底蕴美感，还有那种内心被人懂的共情。剧本能打，连许多小配角都有独特故事，塑造出来的江湖群像是饱满的。
这个视频或许可以说明一二【“江湖一粟，大义为先”】 https://b23.tv/MvCyT6d",allstar50,力荐
2022-04-22 09:57:32,桔子夏,看了一天一夜…,allstar40,推荐
2022-04-22 09:29:51,良辰美景人设,演技太差了，爱情太黏了。,allstar20,较差
2022-04-22 07:16:36,花怜,首先这是一部耽改，一直不太想看，期待不是很高。这部剧把爱情改编成兄弟情，提高了兄弟情间的感情，还是很推荐的一部剧。人设颜值也很好，很符合主角形象。,allstar40,推荐
2022-04-21 22:40:35,夜旅人dealing,呜呜呜太好看了，双向救赎就是坠吊的,allstar40,推荐
2022-04-21 19:52:40,林白,实在看不进去，每个人的审美千差万别，我看来就是没有颜值，扭捏作态，欣赏不来！,allstar10,很差
2022-04-21 12:15:58,果汁味的嗅嗅,目前书粉觉得改的还不错。我真香了，龚俊是真的帅，感觉风流和玩世不恭与冷艳三种感觉都拿捏得很好，太适合古装了他，比现代好看感觉，真的看的姨母笑…阿湘和周也真的超级合适，看书的时候也觉得周也完完全全的就是小顾湘。张成岭的选角比我想象中白面多了，总觉得是个要憨厚一些的孩子,allstar40,推荐
2022-04-21 09:02:26,HYSTER,没看完,allstar30,还行
2022-04-21 06:35:07,雨,啊脸确实是好看！啊真的好磕！嗑生嗑死嗑的昏天黑地！,allstar40,推荐
2022-04-21 06:23:56,168975,赵敬下得一手好棋，把自己下成了天下第一不要脸之人。。喜欢第一次英雄大会那场。,allstar30,还行
2022-04-21 03:03:17,李氏雪鹅,好像是在尼看的了。   不不不，是21出发尼前看的，两三天看完的,allstar40,推荐
2022-04-20 23:03:42,YUAN,无聊点开却意外觉得剧情不错，其实我对张哲瀚演技感觉一般，倒是对龚俊刮目相看，翩翩公子，邪魅魔王，简直把温客行演活了,allstar40,推荐
2022-04-20 19:40:24,Rachel,阿絮落在我心里，让我深中情爱之毒,allstar50,力荐
2022-04-20 15:19:11,已逃跑,Keel,allstar30,还行
2022-04-20 09:30:37,我不是宇凉,看不了这种男男cp的剧,allstar30,还行
2022-04-20 09:30:05,寂静的詹詹,啊啊啊老温太好看了。,allstar40,推荐
2022-04-20 01:26:18,咪呜嗷喵,弃剧了,allstar30,还行
2022-04-19 22:27:58,雪天使的翅膀,太好看了,allstar50,力荐
2022-04-19 20:25:18,长犄角的梦想家,国产电视剧能有一部舒舒服服可以看到第十集还不会觉得无趣的 就已经很难得了 双男主都还不错 张哲瀚是之前演员请就位赵薇组的亚军 真挺有眼光的（看完后 后面几集不太好）,allstar40,推荐
2022-04-19 15:57:48,n绳qqqq,上头！,allstar50,力荐
2022-04-19 09:00:12,斐济大喵喵喵猫,追过，我觉得还挺好看的,allstar40,推荐
2022-04-18 23:11:01,有只皮卡丘,摄影，剪辑靠谱，武打镜头也流畅有力，不是用有气无力的慢放镜头充数。全员演技，颜值在线👍🏻龚俊请待在海里别上来了，太适合拍耽改了吧。,allstar40,推荐
2022-04-18 23:08:21,momo,"熬夜看完了岭（我好奇怪一人 看完双方黑料再看 熬过了开头的尴尬 后面还行
两个演技都emmmm还行吧 喜欢一些配角反派
几个感想 周子舒怎么能成一番的 感觉全剧什么也没做 哦 唯一的作用就是开导了温客行
感觉故事都是绕着温客行
同人女们怎么就迷周子舒迷得死去活来 
在我看来另一位人设更好诶
and两位唱歌是真的 不好听_(:з」∠)_ ",allstar30,还行
2022-04-18 22:00:11,唱唱,！！！！！,allstar50,力荐
2022-04-18 21:04:02,江边一只梨,其实很好奇为什么剧名不改成《琉璃甲》 相对于小说来讲还原度很高了 能看得出选角还有布景和台词改编都是很用心的 只是剧情不太能吸引我 三星半吧（看在耽改的份上多给半星 不容易不容易）,allstar40,推荐
2022-04-18 20:52:20,falkirdch,26-27集後改四星。前期演技一個比一個油膩尷尬但打鬥好看，就着勉強的劇情，我撐下來了lol 後期兩人說話爽快感情坦蕩足以讓我無視所有蹩腳演技劇情，阿彌陀佛。// 最後幾集劇情一塌糊塗但每次老溫出場我都內心尖叫,allstar40,推荐
2022-04-18 19:42:38,A💕gsj,看过不下三遍的电视剧yyds,allstar50,力荐
2022-04-18 10:20:26,。,剧情演技不拉跨，男主演技在线，实属精品,allstar50,力荐
2022-04-18 09:25:29,小城里Sky,龚俊太适合wink行啦！！！完全长在我的审美上🥰🥰🥰,allstar50,力荐
2022-04-18 08:51:03,巳注钥,打动我的那个瞬间是“四季山庄不肖二弟子温客行参见庄主”。剧完全没写好，温周二人也不是俊哲的形象，年龄都弄岔了。不过这剧打斗除了轻功部分无语，其他设计实在不错。这么多年了港风已经一统江湖。 @2021-05-15 14:17:57,allstar30,还行
2022-04-17 22:15:28,Simple,2021,allstar50,力荐
2022-04-17 21:27:24,杀神,20分钟,allstar50,力荐
2022-04-17 21:25:20,Penny Hu,真滴很勇了，赞赞赞！,allstar40,推荐
2022-04-17 17:29:07,宜二三,剧情碎碎的 zzh也真的不太行..还是不能否认这能算是过审耽改里好看的😭表扬服化！从来没见过这么实诚的乞丐装hhhh,allstar50,力荐
2022-04-17 13:06:26,皮卡皮卡丘,温客行的眼神和语言简直时时刻刻都在开车！！我爱了！！,allstar40,推荐
2022-04-17 12:46:33,斯亦,人生在世，知己难觅,allstar10,很差
2022-04-16 23:14:29,幸福的雨栖,很差,allstar30,还行
2022-04-16 20:25:49,沈初,也还行吧。,allstar50,力荐
2022-04-16 20:22:22,千予郡主,非常喜欢！,allstar30,还行
2022-04-16 16:25:06,Vida~,呃～还挺甜,allstar40,推荐
2022-04-15 23:59:07,野,耽改,allstar30,还行
2022-04-15 23:02:57,微信用户,好看，但是最后的结局他们就要结婚了，太泪了,allstar40,推荐
2022-04-15 21:06:30,人间理想李知恩,按照小说演，不乱删改就一定会好看的道理，为什么就是不懂呢。,allstar50,力荐
2022-04-15 21:00:06,红孩儿,好配，kswl,allstar10,很差
2022-04-15 19:47:13,pkforyu,不是原耽人，就是，纯粹进来看那可能兄弟情，期待也不是很高，中途来豆瓣看了一次评分高了之后就狠狠失望了，，，你懂我要说什么，zzh,allstar30,还行
2022-04-15 09:37:21,Limeskiii,看到第十集停了。,allstar20,较差
2022-04-15 03:48:23,momo,坚持几集真不行❌,allstar30,还行
2022-04-14 22:22:43,Laura,服化道还不错 .. 演员演技三分吧,allstar20,较差
2022-04-14 21:22:26,腊八洲,演员都是好演员，这个剧情真心接受不了，看一个男的调戏另一个男的，用眼神赤果果的诱惑，我的天！,allstar20,较差
2022-04-14 21:19:39,淋雨violin,去年播出时看的，当时营销的轰轰烈烈，回头再看这部戏也是很令人唏嘘，抛去男男流量密码之外，单纯当作一部武侠古装剧来说制作还是很粗糙的，剧情也很简单后期逻辑蛮鬼打墙的，很多情节设置只是单纯为了衬托人物。两个主演演技也勉勉强强，重头戏几个主要演员演的蛮拉垮的，如果说亮点，就是这部戏的武术指导有那么点武侠意思了，动作设计的还蛮好看的,allstar40,推荐
2022-04-14 13:00:08,genius laurel,hhhh,allstar40,推荐
2022-04-14 12:17:42,paradisekiss,确实还不错有种武侠的感觉,allstar30,还行
2022-04-14 01:41:40,古秀安和他自己,还行,allstar40,推荐
2022-04-14 00:21:42,刘宥冶,"四星，作为一个男生看耽改剧，说实话还真被甜到，网盘见没有弹幕，少了很多乐趣。彩蛋结局看了，还好都没死去，但是唯一不该死的是阿湘跟大傻子，明明心有善念，遇见大傻子走向人间，最后落了个喜丧，难道心存善念的鬼都该死？那为什么周子舒手刃无辜之人还活着？别扯什么主角光环，既然这么写，阿湘跟大傻子就不该死！整体剧情没有逃过江湖恩怨情仇，人中有鬼，鬼中有人，蝎王角色值得一提，只是人变成鬼死去了，鬼变成人为何就非要死去",allstar40,推荐
2022-04-14 00:02:23,Sophie左,就虽然主演长得还行，但我不是特别在意cp，看个养颜就好。剧情倒也是有那么点荡气回肠的韵味呢。,allstar20,较差
2022-04-13 21:38:52,喜柯筱,剧情拖沓，注水情节严重。说是武侠吧整部片武打场面屈指可数。两男主仿佛活在两个频道，一个武侠剧一个耽美剧。评分高的离谱。,allstar30,还行
2022-04-13 19:05:58,天问1980,还算不错，就是比一般强点。,allstar50,力荐
2022-04-13 17:39:33,上上签,温美人的表情真是动人,allstar40,推荐
2022-04-13 17:27:53,小镇里的花,这个设定很好吃！最后这种罗密欧朱丽叶式的悲剧也真会让人意难平，大家为什么不能把话好好说清楚！而且两个人之间没有任何女性角色插足很舒服，何况以后可能根本看不到这种打着擦边球的兄弟情了（难过）。,allstar50,力荐
2022-04-13 04:51:28,艾格,温客行不错，龚俊适合下海～周子舒不太来电～,allstar30,还行
2022-04-12 21:08:31,-阿怪許,快进看了看，就…没有爆款的程度吧，可能还是擦边球磕出了糖,allstar30,还行
2022-04-12 19:51:43,July&🍅,"天涯孤鸿，无根行客。
执子之手，坐看云舒。",allstar50,力荐
2022-04-12 19:41:44,Bella,听说是耽改剧差点劝退我，但细看后发现每个演员都演技在线，包括刚出场就领盒饭的配角，还有温的台词也惊艳到我，虽然没有完美到5星，但就是想加1颗星给编剧和制作方，在现在烂剧当道，敷衍观众的大潮流下能好好讲故事实在是难得！,allstar50,力荐
2022-04-12 19:32:59,余淮,我i武侠 恋爱针不戳,allstar40,推荐
2022-04-12 16:44:33,_1jelly,后面不如前面,allstar30,还行
2022-04-12 14:59:32,yuzikun,温客行很帅，为了看他的时装秀和耍帅而看。其他人或者剧情都不好看，几乎看不下去。全靠老温颜值,allstar30,还行
2022-04-12 14:13:50,ohmyjulia,额 其实没看完,allstar30,还行
2022-04-12 05:41:07,十二月的纸,只一眼，不悔遇见,allstar50,力荐
2022-04-12 02:09:51,BravoJ,花开一月间 哎…也是从岭发现龚老师真不错/喜欢我阿妮💕,allstar50,力荐
2022-04-11 23:31:22,飘月啸东风,看不到的剧，高分是给缺陷美的，后来确实崩得厉害，但前十几集从人物到叙事都很动人，我估计看了三遍，温客行、女儿、女婿至今还历历在目。,allstar40,推荐
2022-04-11 23:13:18,阿耨,越追越上头，可能武侠和用心真的respect。冲鸭，五星送上，空降,allstar50,力荐
2022-04-11 22:13:48,（ '▿ ' ）囍,前半段一直把老温当疯批骚气美人攻，看到后面才发现阿絮才是大总攻啊！！！温柔又强大！！对老温时而嗔骂时而撒娇，收放自如！老温被拿捏的死死的！！！kswl 更新：信我，不要看最后六集。。。求你。。美好爱情变阴间童话，编剧真的有病。。你是不是觉得你学心理学很牛逼啊（？）草。。她有一万个机会可以让剧情变得通顺合理，偏偏要给大家喂shi 。。温周结束在前30集 ,allstar40,推荐
2022-04-11 20:08:17,一天三四五,居然没标记，怎么说，这么长时间过去了，像是在一个简陋的梦境里体会到美好。,allstar40,推荐
2022-04-11 19:56:55,能吃三碗饭,呵呵,allstar10,很差
2022-04-11 18:13:35,明,竟然误入了耽改,allstar40,推荐
2022-04-11 15:44:47,人称阿饭,网友推荐，虽然小说很久以前看过已经遗忘得差不多。作者的书很多都看过，故事大气，老温这角色比较惊艳。,allstar50,力荐
2022-04-11 15:07:20,豆友255183110,演员、服装、武打片段都很好，剧情问题只能说是瑕不掩瑜。,allstar50,力荐
2022-04-11 14:59:31,smile^o^xixi,好看，结局要是完满的就好了,allstar40,推荐
2022-04-11 14:14:05,C.C.,龚俊的眼里有光！！再看了一遍，感觉后面有点垮了，噗。,allstar30,还行
2022-04-11 13:20:32,左马刻苦耐劳,🥰🥰🥰,allstar50,力荐
2022-04-11 11:38:29,啊哦,"故事还可以吧。传统的假仁假义式主人公，旁边守着个心里有裂痕的美强惨大狗子，最后几集节奏推得太快了，有点拉垮，但四星都给美丽鬼主是没有问题的。
以及这俩人真的有知己感而无cp感也是神奇。",allstar40,推荐
2022-04-11 11:02:04,桃花不换酒,"放在国产武侠剧里很出彩了
emm..好家伙还没看完就被封了",allstar50,力荐
2022-04-11 07:34:47,君忆悠,救命好甜啊啊啊，温客行那邪魅宠溺的眼神也太撩了，颜值好高，看完脑子里弥漫的都是温客行温柔地喊“阿絮”…… 古韵台词也超爱，画面也很唯美，值得再刷一遍。,allstar50,力荐
2022-04-11 06:29:48,帕丁炖鹅,怕不是耽改绝唱了。,allstar30,还行
2022-04-11 02:56:17,KALYNLQN,剧情节奏有问题，结局气死人。主演一方赏心悦目，另一方一般般。主角受人设很崩...整体的人物工具人较多，比较平面。,allstar30,还行
2022-04-10 23:02:37,朗三先生,结局意难平,allstar40,推荐
2022-04-10 22:33:28,wukongme,竟然觉得很好看 还好奈飞上看到了,allstar40,推荐
2022-04-10 21:50:10,flowergege,竟然看出了天龙八部的感觉，耽美再多几对就更像江湖侠义了,allstar50,力荐
2022-04-10 20:56:41,冬三月,"太带感了！武侠气很绝！
暑假补齐
gai塌房的已经塌了 也没补齐的必要了",allstar50,力荐
2022-04-10 18:15:10,一秒钟,"龚俊美呆呆啊，最后结局咋回事，明明长青也活下来，那龚俊应该妹死吧
剧情和陈情令怎么这么像，基本讲了一个故事",allstar40,推荐
2022-04-10 16:45:07,冰冰,良心剧，原著底子在，剧本稳妥，以原故事为本没有魔改。非常明显的社会主义兄弟情，前期颇有喜感，两位主演演技在线，龚俊的一些小动作很自然，欠儿欠儿的，疯批的样子不狰狞不会用力过猛。前面就很吸引人，而且比较搞笑，很想看下去。故事围绕着江湖武林，立意正向，不得不说有那个江湖气武侠气，童年看的武侠剧可是数不胜数，所以看的就是那个感觉 很多配角也抓住了角色特点。美中不足还是这个武打部分，慢动作太多了影响观感，慢动作转圈圈什么时候能改善啊！以及拍摄方面有些地方节奏太稳，有点流水线式。总结来说是一部值得推荐的好剧。,allstar40,推荐
2022-04-10 14:39:30,羽宸,挺好看的基佬剧,allstar40,推荐
2022-04-10 04:09:25,葡萄美酒夜光杯,除了演员有问题，其他问题一点都没有的剧真是少见。,allstar50,力荐
2022-04-10 00:41:11,許樣,zjz演技减一,allstar40,推荐
2022-04-09 22:29:28,寒凌,完全被龚俊圈粉，爱了爱了,allstar50,力荐
2022-04-09 19:00:52,派大星吃胡萝卜,好喜欢鬼谷的设定啊 ,allstar40,推荐
2022-04-09 14:16:15,渺渺,道具扣一颗星,allstar40,推荐
2022-04-09 14:00:22,豆友al7oPUiTek,原本觉得宫俊撑不起来角色，看了以后发现他是此剧亮点。另一个男主不管出没出事都不太喜欢。觉得他感情戏真的太假。这两星是给宫俊的。虽然被带入了，也觉得不错但真的不值8分以上。比起那些大制作或者用心的剧组这个剧真的没那么好。,allstar20,较差
2022-04-09 13:14:18,山山而川,太震撼了我的妈，终于能理解去年为啥岭能火成这样了,allstar50,力荐
2022-04-09 02:18:21,春山不渡,双向救赎双向奔赴yyds,allstar50,力荐
2022-04-09 01:30:37,头像是二十年后,没想到耽改剧竟然是这几年看到的比较好的大陆古装剧，虽然台词听起来网文气息很浓，但整个剧情还算合理。就是主角之间的感情总觉得有点渲染不到位，虽然能看出设计了很多剧情，但感觉情绪还是差一点。同时，一些bgm的插入略有生硬，但瑕不掩瑜，希望以后国产武侠剧能够多学学，不至于让我太失望。,allstar50,力荐
2022-04-09 00:29:55,嘀嗒,我永远忘不掉那个斜靠在圆窗上，轻摇折扇，眉眼带笑的温客行,allstar50,力荐
2022-04-08 22:52:34,大威小郭,同性恋剧不敢大大方方的～,allstar20,较差
2022-04-08 13:53:11,小小伊薇,其实我也不知道该打几颗星，我不太感冒耽美文化和那些司空见惯于男女的亲近动作，但如果说人物立体度，但是有好几个都支棱起来了。江湖人真的好蠢，有的为情，有的为义，有的为地位和权力，闹出一场场笑话，但谁又不是局中人呢。如果不有情有义，做饮冰食雪的圣人，也最终只是空度岁月，像叶白衣那样，认为只有下山的日子才有滋味吧。不过这部剧给了我一种久违的江湖感觉，里面有句话，但凡见过世面的人，不会想成为英雄，因为他知道那背后是多少鲜血换来的。好朋友中了这部剧的毒，到现在游戏名还和漏勺的有关。我也算完整的看完了一遍哈哈，以后多了一个话题呢,allstar40,推荐
2022-04-08 01:50:56,黄色咸鱼,我也几乎要嫉妒温客行了。,allstar40,推荐
2022-04-07 23:40:03,魔法少女林高远,只能说刚及格哎，吃了耽改红利罢了，8.6是真的虚虚虚虚高了,allstar10,很差
2022-04-07 23:00:43,天天,三星半,allstar30,还行
2022-04-07 22:26:22,kyl,"很喜欢山河令的剧情
大概是因为每个人布的局都不是完美的。

温客行出动三千鬼众，却没算到赵敬的局；做局假死，却没算到周子舒为了他连命都不要
赵敬没有算到温客行会复制琉璃甲，更没算到蝎王会背叛自己
蝎王以为自己胜券在握，却没想拿到的是假的钥匙
晋王也没想到自己要找的秘密竟是农具和粮食

环环相扣，谁想不到最后的结局会是什么
世人皆以为自己是黄雀，却没想到自己至多也只是一只螳螂

这和很多其它剧里的下棋高手不同，不是说山河令里没有下棋高手，只是觉得这现实本就不是一局棋，棋盘上所有的动向皆可知，但在每个人的眼里，谁也看不完整这盘局所有的动向，谁也没有上帝视角，这样的情况下，每个下棋的人其实都是赌徒",allstar50,力荐
2022-04-07 21:38:25,0711xiah,没什么情节，看完忘了演啥了,allstar30,还行
2022-04-07 20:06:59,是阿雯啊,好好磕，我的天，上头,allstar50,力荐
2022-04-07 17:39:39,Echo,这剧很武侠，而且反江湖正派，太有意思了。,allstar50,力荐
2022-04-07 15:26:48,小白,不知为何男同剧莫名的都分高…,allstar30,还行
2022-04-07 15:22:55,一勺温青青,温客行这个天天调戏别人的登徒子变态，连烈女怕缠郎也说得出口，真是太凑表脸了哈哈哈哈哈哈哈哈哈哈哈哈哈。,allstar40,推荐
2022-04-07 15:03:57,戚大眼,最后几集好胯,allstar30,还行
2022-04-07 14:41:18,周周,当武侠剧来看的，武指，配乐，服化道（尤其是温客行的）还可以，剧情一般，主角演技也都差点意思，感慨一下耽改剧的评分水分真大，就这8.6？腐女们是不是只要是两个男的就嗑，对着日本保安这张脸怎么叫的出娇娇老婆?（挠头,allstar20,较差
2022-04-07 11:44:32,宿小菜,剧情拉胯，全靠男主帅,allstar40,推荐
2022-04-07 11:18:17,十七个橘子,因为是耽美耽改而抵触过，但是后来还是被真香了，剧里武侠世界的内核算是近期最佳了。,allstar10,很差
2022-04-07 08:29:46,小菜狗(好运版,堂哥值得,allstar10,很差
2022-04-06 23:43:50,西门说（在划,呵呵呵呵呵呵呵呵呵呵呵呵,allstar20,较差
2022-04-06 23:32:58,江湖不骗了,别扭死了,allstar10,很差
2022-04-06 23:10:30,Qing`er,哎，好好的一部剧，可以算是2021年我唯一追的一部剧了，甚至超前点播，结果现在被折腾成什么样子,allstar40,推荐
2022-04-06 22:22:24,陈奕迅的双眼皮,一个直男装0，一个0.5装1,allstar10,很差
2022-04-06 21:45:34,讨厌冬天,服了服了，堂哥一手遮天啊,allstar10,很差
2022-04-06 21:22:51,TravelerTD,感觉剧情还是弱了点，有些台词也听着怪怪的。,allstar30,还行
2022-04-06 20:59:27,onlyforesse,"呃。。。如此高的豆瓣评分？！剧情为啥感觉有些碎呢 不过无所谓 龚俊的脸可以让我一直看下去 把温客行演活了呢",allstar30,还行
2022-04-06 20:19:08,吃饭叫我,ex,allstar10,很差
2022-04-06 20:12:01,三餐四季,结局仓促了 cp很好磕,allstar40,推荐
2022-04-06 18:34:38,双层吉士汉堡,大开眼界….,allstar10,很差
2022-04-06 18:29:37,day day up,不愧是吃绝户。。。。白茫茫一片大地真干净,allstar10,很差
2022-04-06 17:04:38,皮卡皮卡丘丘丘,两位主演各方面都很般配,allstar10,很差
2022-04-06 15:49:45,泷,原著是我十年来最爱的一本古耽，武侠味很足。剧我一向是和书分开看的（镇魂也是）所以目前我接受良好。感觉人物关系内核是在的，情节也基本还原，看剧的时候还经常有原著片段的投影会让我很惊喜。演员演技还有进步空间，但是在及格线上，我觉得能接受。总的来说综合导演编剧色调情节演员，剧是80分以上的（对于我），所以我看下去了（而且这部剧确实能带给我快乐,allstar50,力荐
2022-04-06 15:35:15,猪QQ2015,看了8集，受不了，咔咔就抹脸啊！摸了两次了。,allstar10,很差
2022-04-06 11:17:27,Abrcadabra,唉,allstar30,还行
2022-04-06 03:37:17,管⁢⁢理⁢员,"总感觉难得的看到了“江湖”的感觉，上一次还是古龙金庸的小说
虽然有的时候有凹造型之嫌，但演技两位主演都挺自然的，张成岭顾湘也很可爱

搜了下物料，原来我才是真情实感49年入国军的人，简直找死。
原来他存活的时间只有2-8月，假如我是那个时候入坑，估计就有大把同人文、图、视频可以看了。但如果我是那个时候入坑，估计现在回想也只会觉得恍惚梦一场，是难以言喻的遗憾",allstar50,力荐
2022-04-06 02:21:24,钟无艳🎃,龚俊冲鸭🦆,allstar40,推荐
2022-04-05 23:38:21,弥新,原来我一直未评价,allstar50,力荐
2022-04-05 22:16:51,Sarin,主角都很美，人设带感,allstar40,推荐
2022-04-05 13:26:58,twoworlds,演技太差……,allstar10,很差
2022-04-05 13:09:43,示丁,被摘面具那画面惊艳到了…真好看啊…,allstar30,还行
2022-04-05 02:08:26,公主守恶龙,君既至，望莫归。永远鲜明，炽热的2021年春天。,allstar50,力荐
2022-04-04 23:37:41,汐言,剧中两人太好磕了，演技都在线，剧中台词好，有古韵，还有点搞笑，剧情也好看，实景拍摄画面太美，武打动作很流畅，制作很良心的一部剧,allstar40,推荐
2022-04-04 22:54:41,果子,看不下去诶 感觉剧情不够丰满 人物没有cp感,allstar20,较差
2022-04-04 21:48:16,喂我Kimchi,兄弟情,allstar50,力荐
2022-04-04 20:22:22,嘎布嘎布,龚俊挺俊逸洒脱的,allstar50,力荐
2022-04-04 16:05:07,风雨如梦,"有点腐？
",allstar50,力荐
2022-04-04 12:25:54,🍪,龚俊太帅了,allstar40,推荐
2022-04-04 00:53:36,Aia,大热的时候觉得更新太慢，才刷完…剧组是真的穷，好多场景都5毛特效，主角的情愫可以接受，但是一旦到了各种男男组合的群像…就突然尴尬的脚趾抠地，总的来说还不错吧，很喜欢两个男主的颜,allstar40,推荐
2022-04-04 00:52:23,Clavicle,龚俊真的好帅啊 这剧还是很不错的 打戏场景都很美。女二婚礼那场哭死我了,allstar50,力荐
2022-04-03 22:25:35,Uso Foolman,拖拖拉拉終於補完了，這部導演是懂的人演員也選對了。,allstar40,推荐
2022-04-03 22:20:54,莫小仔,太好磕了，终于不再是社会主义兄弟情了,allstar40,推荐
2022-04-03 18:31:07,G-tong cavely,"难得知己情，你救我来，我救你
可惜没有happy ending，我的顾湘，竟然没有善终呜呜",allstar50,力荐
2022-04-03 16:33:36,FuZoe,恶鬼头子，一旦找到真正回人间的路，就变回人了。,allstar40,推荐
2022-04-03 13:32:10,LLoy,之前看过的,allstar40,推荐
2022-04-03 11:37:22,竹秋十二,情节不错，我不磕男男觉得知己情挺好的,allstar40,推荐
2022-04-03 08:52:02,一只喵喵喵星人,执子之手，坐看云舒，天涯孤鸿，无根行客。,allstar50,力荐
2022-04-02 21:13:35,六壬仙師显威灵,故事节奏明快，这部耽改剧的基味有点太过了。妖里妖气的不太喜欢。龚俊太作。五官是地包天，不知道粉丝在吹什么神颜值。演技也浮夸。喜欢周子舒。可惜了主演者永不翻身。,allstar20,较差
2022-04-02 20:31:57,二二二二,背景音 温客行颜值给一星,allstar20,较差
2022-04-02 16:56:35,仄仄平平仄仄平,冲着剧看了原著！,allstar30,还行
2022-04-02 13:37:00,The9_湊崎纱夏,一场春日梦,allstar50,力荐
2022-04-02 11:34:35,啾啾,爱死的一部剧，忘不了我在图书馆按捺不住看它的心，忘不了我一集一集的截着屏，记录着他们的盛世美颜，很难有一个剧让我像追星人一样用他们当头像，除了黑白禁区里的欧豪，就是这里的龚俊了。,allstar50,力荐
2022-04-02 11:09:38,段晓曛,"前半部分可以
鼓励一下",allstar40,推荐
2022-04-01 23:15:44,皂,很良心 很牛皮,allstar50,力荐
2022-04-01 20:43:52,小喵咪❤️,个人感觉吧，我还是比较喜欢含蓄点的，温客行真的太过了（捂脸）这不是我能看的哈哈哈,allstar30,还行
2022-04-01 19:56:23,？,哈哈哈哈哈哈哈哈哈,allstar10,很差
2022-04-01 12:54:34,雨滴,真的很好拍的很有诚意，唉又成了我心中的一个白月光,allstar50,力荐
2022-04-01 11:58:16,识字的人,没看完,allstar40,推荐
2022-04-01 08:10:42,StarlingBoy666,尚可,allstar40,推荐
2022-04-01 07:26:32,不想输入昵称,看过，很平淡，甚至有一点无聊，龚俊演的那个人物，撑不起他的邪，感觉他演邪气只是在那儿笑，没有行动证明他那里那里邪，这个让我很失望，等了一部剧都没有。,allstar10,很差
2022-04-01 04:51:56,kennybaebie,太好看了，太可惜了。,allstar50,力荐
2022-03-31 22:42:20,微信用户,比陈情令好点,allstar30,还行
2022-03-31 22:21:21,风风寂九天,退休特工和邪教头子的恋爱故事。,allstar40,推荐
2022-03-31 19:49:54,林子安,我不管，我就磕，齁死我吧,allstar50,力荐
2022-03-31 18:20:51,Février,【人心難測，人性卻易測】【你身上有光，我抓來看看】溫客行這個人物有點意思，台詞也刁鑽過其他人。為君披髮如雪餐冰飲露，可知追光者本身就是光啊。,allstar40,推荐
2022-03-31 15:10:35,祁凯柔.,士为知己者死。温客行和周子舒生死不渝的兄弟情让人赞叹。山河不足重，重在遇知己。人生得一知己，足矣。让彼此成为生命中的光，不再惧怕黑暗,allstar50,力荐
2022-03-30 20:54:10,七小月,"周子舒演的比温客行自然些。还有顾湘，一开始觉得造作，后来……客行悲故乡，哎～",allstar40,推荐
2022-03-30 19:23:08,🐰,耽改巅峰吧  所以世俗和法律什么时候能接受同性恋,allstar40,推荐
2022-03-30 17:49:57,steven_hwh,一生知己演的一生爱人一般，笑点还行，装逼挺多,allstar40,推荐
2022-03-30 17:12:51,我爱喝奶茶,好看！,allstar50,力荐
2022-03-30 13:05:10,𓆡𓆝𓆟𓆜 𓆞𓆝𓆟 𓆜,一集弃，辣眼睛。,allstar10,很差
2022-03-30 10:58:18,小一哈白,真的很棒！😘,allstar50,力荐
2022-03-30 09:04:21,让她降落,被踩组刷屏安利到了，西皮嗑着还可以吧，但剧情对我而言没啥吸引力😢主要是想和嗑cp的大家大家凑个热闹,allstar20,较差
2022-03-29 19:53:21,汤圆团子与圆子🙏,粗制滥造的剧，就为了话题热度营销火的吧,allstar20,较差
2022-03-29 18:23:22,皮不卡丘丘,刷了好多遍的剧 ,allstar50,力荐
2022-03-29 16:42:26,battle,天苍苍事了功成渡寒江，夜茫茫杯中月影笑荒唐。寄那曾经山河,allstar50,力荐
2022-03-29 13:41:03,陛下,中间剧情蹦了 因为豆瓣小组捂嘴硬捧  更加逆反反感 但抛开这些不愉快  我对这个故事这些人物还是很喜欢很有感情的 几首曲子我也很喜欢,allstar40,推荐
2022-03-29 04:42:48,偷懒也要上学,好喜欢副cp😭😭😭😭😭😭😭😭大婚那段哭死我了,allstar50,力荐
2022-03-29 00:33:43,果子狸,2022才看到，没想到已成绝唱,allstar30,还行
2022-03-29 00:13:05,rin,颜值狗爽翻了,allstar40,推荐
2022-03-28 21:55:30,左岸咖啡,"每次温客行调戏周子舒的眼神总是让人忍不住星星眼，哈哈哈是爱情啊！最后两集看得我心塞，先是阿湘和小傻子曹蔚宁好端端的死了，然后我的温客行也牺牲了。My heart is broken「手动再见」。伤心之后发现原来还有彩蛋！！！哈哈哈My broken heart is healing",allstar50,力荐
2022-03-28 21:26:53,猫猫,很好,allstar50,力荐
2022-03-28 20:52:08,晴霜子,真的啊！磕到真的了！太难得了！啊啊啊啊啊啊,allstar40,推荐
2022-03-28 20:19:59,晚意晚意,"啊啊啊啊啊啊啊
太太太出人资料了
这是我能看的吗
终于有一部剧改不辜负甜甜的小说啦～",allstar40,推荐
2022-03-28 17:27:14,Fairy🍓,龚俊真帅，喜欢狠狠的温客行。,allstar50,力荐
2022-03-28 13:21:21,CiCi,一年了，我依然爱岭～希望大家都越来越好！,allstar40,推荐
2022-03-28 10:22:12,嘟嘟,还行吧,allstar40,推荐
2022-03-28 00:15:24,Black Rainbow,"两天看完三十二集 你说好不好看
（颜值很赏心悦目 剧情很精彩。不知道该怎么评价了。）",allstar10,很差
2022-03-27 21:45:34,蜉蝣,服化道绝了,allstar50,力荐
2022-03-27 19:43:26,양양,名过其实,allstar30,还行
2022-03-27 19:27:01,雪顶莓莓,武侠气氛很浓，剧情展开后比较顺畅，但说不上高潮迭起，尤其两个主角后期感情扭捏，最可惜阿湘死在了本该开心的大婚时候。,allstar30,还行
2022-03-27 17:27:05,常山赵子龙,剧里挺多演员演技挺拉胯的其实，不过温客行真的挺帅，哈哈哈哈哈海报上竟然只剩他一个了,allstar30,还行
2022-03-27 14:08:34,W.,p大yyds,allstar50,力荐
2022-03-27 12:16:15,没头脑,实习那段期间的快乐了,allstar40,推荐
2022-03-27 09:22:35,小兔兮兮,我刚刚开始看到第3集，朋友说很羡慕我，因为我后面还有那么多集可以看，我还不太理解，但是现在看到第8集已经非常上头了，感谢后面还有那么多集给我醉生梦死的机会！呜哇！,allstar50,力荐
2022-03-26 22:55:23,三金的小柜,能不能播100集呜呜 我还以为是he,allstar50,力荐
2022-03-26 22:15:36,可乐加冰要不要,剧情方面其实可以做的更好，演员的演技扣一星，70分是可以获得的。,allstar30,还行
2022-03-26 21:15:00,今田美樱,俺没想到 俺居然也入坑了,allstar50,力荐
2022-03-26 20:17:10,密涅瓦的猫头鹰,"好家伙，这封面！
自古红蓝出CP。",allstar40,推荐
2022-03-26 15:57:26,学习去了88,虽然情节矫情曲折不过还是为救赎落泪了,allstar40,推荐
2022-03-26 14:59:15,我真不会起名,一星扣给周子舒自己拔钉子…,allstar40,推荐
2022-03-26 12:41:54,CLUB7,同题材之少一个怎么行,allstar50,力荐
2022-03-26 11:06:56,K记在逃青花椒,白瞎了中间那段群像戏,allstar20,较差
2022-03-26 09:55:55,浅步调,龚俊帅出圈。剧不太好看,allstar30,还行
2022-03-26 09:23:04,甚爱吾友,编剧有问题，剧情推进过慢，两个人忽然就引为知己了，不知道“知”了什么，没必要的晋王戏可以少些，温客行武力值忽高忽低，还有很多圆不上的逻辑漏洞。其实骨架里武侠的味道还是在的，可惜导演编剧和演员舞得那么用力，全然不明白只需要你正常展现两人情谊即可，后面的剧粉帮你脑补。故意女性妆效，柔光滤镜，加上肉麻聊骚真的让我尬得不行。,allstar20,较差
2022-03-26 01:52:47,Jade,第三遍挑战靠着1.5倍速和快进看了下来 编剧莫不是赶着deadline改出来的稿子……然而！龚俊是真俊啊！！值了！,allstar40,推荐
2022-03-25 21:47:37,莲夏未央,"剧方最明智的选择就是在经费不足的情况下勉强保证了剧情的流畅（还不还原的我也没看过原书，所以就不评价了），双男主的cp也还做得不错，感情方面演得也还行。其实从各方面都能看出这部剧的囊肿羞涩，但还是看得蛮开心。
演员不说演技有多好，最起码全员在线，看着不出戏。这年头找一部演技全员在线的剧都不容易。
下面让我来单独夸一下，龚俊的颜值是真的高，撑起了整个一部剧，所有造型都好看，当然有龙须刘海最好看。
",allstar40,推荐
2022-03-25 20:53:26,raizelchen,家人们我真的看不动了，从十几集开始节奏好慢啊，都不下饭了。就像某个仙侠背景的游戏，我在地图上到处跑任务，听每个npc各自那点屁事,allstar40,推荐
